code,category_no,category,subcategory_no,subcategory,service,note,requires_health_check,health_check_reason,duration_default,duration_min,duration_max,price
1.1.1,1,Массаж тела,1.1,Базовый ручной массаж,Классический массаж всего тела,,false,,,,,
1.1.2,1,Массаж тела,1.1,Базовый ручной массаж,Общий оздоровительный массаж,,false,,,,,
1.1.3,1,Массаж тела,1.1,Базовый ручной массаж,Общий расслабляющий массаж,,false,,,,,
1.1.4,1,Массаж тела,1.1,Базовый ручной массаж,Массаж спины,,false,,,,,
1.1.5,1,Массаж тела,1.1,Базовый ручной массаж,Массаж шейно-воротниковой зоны,,false,,,,,
1.1.6,1,Массаж тела,1.1,Базовый ручной массаж,Массаж головы,,false,,,,,
1.1.7,1,Массаж тела,1.1,Базовый ручной массаж,Массаж лица,,false,,,,,
1.1.8,1,Массаж тела,1.1,Базовый ручной массаж,Массаж плечевого пояса,,false,,,,,
1.1.9,1,Массаж тела,1.1,Базовый ручной массаж,Массаж грудного отдела спины,,false,,,,,
1.1.10,1,Массаж тела,1.1,Базовый ручной массаж,Массаж пояснично-крестцовой зоны,,false,,,,,
1.1.11,1,Массаж тела,1.1,Базовый ручной массаж,Массаж рук,,false,,,,,
1.1.12,1,Массаж тела,1.1,Базовый ручной массаж,Массаж кистей,,false,,,,,
1.1.13,1,Массаж тела,1.1,Базовый ручной массаж,Массаж ног,,false,,,,,
1.1.14,1,Массаж тела,1.1,Базовый ручной массаж,Массаж стоп,,false,,,,,
1.1.15,1,Массаж тела,1.1,Базовый ручной массаж,Массаж живота,,false,,,,,
1.1.16,1,Массаж тела,1.1,Базовый ручной массаж,Массаж ягодиц,,false,,,,,
1.1.17,1,Массаж тела,1.1,Базовый ручной массаж,Массаж бедер,,false,,,,,
1.1.18,1,Массаж тела,1.1,Базовый ручной массаж,Массаж голеней,,false,,,,,
1.1.19,1,Массаж тела,1.1,Базовый ручной массаж,Массаж зоны декольте,,false,,,,,
1.1.20,1,Массаж тела,1.1,Базовый ручной массаж,Массаж отдельных зон,,false,,,,,
1.1.21,1,Массаж тела,1.1,Базовый ручной массаж,Экспресс-массаж 15–20 минут,,false,,,,,
1.1.22,1,Массаж тела,1.1,Базовый ручной массаж,Массаж 30 минут,,false,,,,,
1.1.23,1,Массаж тела,1.1,Базовый ручной массаж,Массаж 45 минут,,false,,,,,
1.1.24,1,Массаж тела,1.1,Базовый ручной массаж,Массаж 60 минут,,false,,,,,
1.1.25,1,Массаж тела,1.1,Базовый ручной массаж,Массаж 90 минут,,false,,,,,
1.1.26,1,Массаж тела,1.1,Базовый ручной массаж,Массаж 120 минут,,false,,,,,
1.2.1,1,Массаж тела,1.2,Расслабляющие массажи,Relax-массаж,,false,,,,,
1.2.2,1,Массаж тела,1.2,Расслабляющие массажи,Антистресс-массаж,,false,,,,,
1.2.3,1,Массаж тела,1.2,Расслабляющие массажи,Мягкий расслабляющий массаж,,false,,,,,
1.2.4,1,Массаж тела,1.2,Расслабляющие массажи,Релакс-массаж всего тела,,false,,,,,
1.2.5,1,Массаж тела,1.2,Расслабляющие массажи,Массаж при усталости,,false,,,,,
1.2.6,1,Массаж тела,1.2,Расслабляющие массажи,Массаж для снятия мышечного напряжения,,false,,,,,
1.2.7,1,Массаж тела,1.2,Расслабляющие массажи,Массаж после рабочего дня,,false,,,,,
1.2.8,1,Массаж тела,1.2,Расслабляющие массажи,Массаж для сна,,false,,,,,
1.2.9,1,Массаж тела,1.2,Расслабляющие массажи,Аромамассаж,,false,,,,,
1.2.10,1,Массаж тела,1.2,Расслабляющие массажи,Массаж с эфирными маслами,,false,,,,,
1.2.11,1,Массаж тела,1.2,Расслабляющие массажи,Массаж теплым маслом,,false,,,,,
1.2.12,1,Массаж тела,1.2,Расслабляющие массажи,Массаж свечами,,false,,,,,
1.2.13,1,Массаж тела,1.2,Расслабляющие массажи,Массаж горячими камнями,,false,,,,,
1.2.14,1,Массаж тела,1.2,Расслабляющие массажи,Стоунтерапия,,false,,,,,
1.2.15,1,Массаж тела,1.2,Расслабляющие массажи,Массаж с травяными мешочками,,false,,,,,
1.2.16,1,Массаж тела,1.2,Расслабляющие массажи,Медовый массаж,,false,,,,,
1.2.17,1,Массаж тела,1.2,Расслабляющие массажи,Шоколадный массаж,,false,,,,,
1.2.18,1,Массаж тела,1.2,Расслабляющие массажи,Солевой массаж,,false,,,,,
1.2.19,1,Массаж тела,1.2,Расслабляющие массажи,Спа-массаж,,false,,,,,
1.2.20,1,Массаж тела,1.2,Расслабляющие массажи,Балийский массаж,,false,,,,,
1.2.21,1,Массаж тела,1.2,Расслабляющие массажи,Тайский расслабляющий массаж,,false,,,,,
1.2.22,1,Массаж тела,1.2,Расслабляющие массажи,Гавайский массаж Ломи-Ломи,,false,,,,,
1.2.23,1,Массаж тела,1.2,Расслабляющие массажи,Аюрведический массаж,,false,,,,,
1.2.24,1,Массаж тела,1.2,Расслабляющие массажи,Абхьянга,,false,,,,,
1.2.25,1,Массаж тела,1.2,Расслабляющие массажи,Шиацу,,false,,,,,
1.2.26,1,Массаж тела,1.2,Расслабляющие массажи,Рефлекторный массаж стоп,,false,,,,,
1.3.1,1,Массаж тела,1.3,Оздоровительные и восстановительные массажи,Лечебно-оздоровительный массаж,,false,,,,,
1.3.2,1,Массаж тела,1.3,Оздоровительные и восстановительные массажи,Профилактический массаж,,false,,,,,
1.3.3,1,Массаж тела,1.3,Оздоровительные и восстановительные массажи,Восстановительный массаж,,false,,,,,
1.3.4,1,Массаж тела,1.3,Оздоровительные и восстановительные массажи,Миофасциальный массаж,,false,,,,,
1.3.5,1,Массаж тела,1.3,Оздоровительные и восстановительные массажи,Глубокотканный массаж,,false,,,,,
1.3.6,1,Массаж тела,1.3,Оздоровительные и восстановительные массажи,Спортивный массаж,,false,,,,,
1.3.7,1,Массаж тела,1.3,Оздоровительные и восстановительные массажи,Восстановительный массаж после тренировок,,false,,,,,
1.3.8,1,Массаж тела,1.3,Оздоровительные и восстановительные массажи,Массаж для спортсменов,,false,,,,,
1.3.9,1,Массаж тела,1.3,Оздоровительные и восстановительные массажи,Массаж при мышечном напряжении,,false,,,,,
1.3.10,1,Массаж тела,1.3,Оздоровительные и восстановительные массажи,Массаж при сидячем образе жизни,,false,,,,,
1.3.11,1,Массаж тела,1.3,Оздоровительные и восстановительные массажи,Массаж для офисных сотрудников,,false,,,,,
1.3.12,1,Массаж тела,1.3,Оздоровительные и восстановительные массажи,Триггерный массаж,,false,,,,,
1.3.13,1,Массаж тела,1.3,Оздоровительные и восстановительные массажи,Массаж триггерных точек,,false,,,,,
1.3.14,1,Массаж тела,1.3,Оздоровительные и восстановительные массажи,Постизометрическая релаксация,,false,,,,,
1.3.15,1,Массаж тела,1.3,Оздоровительные и восстановительные массажи,Мануально-мышечная коррекция,,false,,,,,
1.3.16,1,Массаж тела,1.3,Оздоровительные и восстановительные массажи,Массаж при гипертонусе мышц,,false,,,,,
1.3.17,1,Массаж тела,1.3,Оздоровительные и восстановительные массажи,Массаж при нарушении осанки,,false,,,,,
1.3.18,1,Массаж тела,1.3,Оздоровительные и восстановительные массажи,Массаж при хронической усталости,,false,,,,,
1.3.19,1,Массаж тела,1.3,Оздоровительные и восстановительные массажи,Массаж после физических нагрузок,,false,,,,,
1.3.20,1,Массаж тела,1.3,Оздоровительные и восстановительные массажи,Восстановительный массаж ног,,false,,,,,
1.3.21,1,Массаж тела,1.3,Оздоровительные и восстановительные массажи,Восстановительный массаж спины,,false,,,,,
1.3.22,1,Массаж тела,1.3,Оздоровительные и восстановительные массажи,Массаж при отечности,,false,,,,,
1.3.23,1,Массаж тела,1.3,Оздоровительные и восстановительные массажи,Массаж после родов,только после разрешения врача,true,marker,,,,
1.3.24,1,Массаж тела,1.3,Оздоровительные и восстановительные массажи,Массаж при болях в спине,если есть соответствующая квалификация,true,marker,,,,
1.3.25,1,Массаж тела,1.3,Оздоровительные и восстановительные массажи,Массаж при головных болях напряжения,если есть соответствующая квалификация,true,marker,,,,
1.4.1,1,Массаж тела,1.4,Лимфодренаж и коррекция фигуры,Лимфодренажный массаж тела,,false,,,,,
1.4.2,1,Массаж тела,1.4,Лимфодренаж и коррекция фигуры,Лимфодренажный массаж ног,,false,,,,,
1.4.3,1,Массаж тела,1.4,Лимфодренаж и коррекция фигуры,Лимфодренажный массаж живота,,false,,,,,
1.4.4,1,Массаж тела,1.4,Лимфодренаж и коррекция фигуры,Лимфодренажный массаж лица,,false,,,,,
1.4.5,1,Массаж тела,1.4,Лимфодренаж и коррекция фигуры,Антицеллюлитный массаж,,false,,,,,
1.4.6,1,Массаж тела,1.4,Лимфодренаж и коррекция фигуры,Ручной антицеллюлитный массаж,,false,,,,,
1.4.7,1,Массаж тела,1.4,Лимфодренаж и коррекция фигуры,Интенсивный антицеллюлитный массаж,,false,,,,,
1.4.8,1,Массаж тела,1.4,Лимфодренаж и коррекция фигуры,Моделирующий массаж,,false,,,,,
1.4.9,1,Массаж тела,1.4,Лимфодренаж и коррекция фигуры,Скульптурирующий массаж тела,,false,,,,,
1.4.10,1,Массаж тела,1.4,Лимфодренаж и коррекция фигуры,Корректирующий массаж,,false,,,,,
1.4.11,1,Массаж тела,1.4,Лимфодренаж и коррекция фигуры,Массаж для уменьшения объемов,,false,,,,,
1.4.12,1,Массаж тела,1.4,Лимфодренаж и коррекция фигуры,Массаж живота,,false,,,,,
1.4.13,1,Массаж тела,1.4,Лимфодренаж и коррекция фигуры,Массаж боков,,false,,,,,
1.4.14,1,Массаж тела,1.4,Лимфодренаж и коррекция фигуры,Массаж бедер,,false,,,,,
1.4.15,1,Массаж тела,1.4,Лимфодренаж и коррекция фигуры,Массаж ягодиц,,false,,,,,
1.4.16,1,Массаж тела,1.4,Лимфодренаж и коррекция фигуры,Массаж зоны галифе,,false,,,,,
1.4.17,1,Массаж тела,1.4,Лимфодренаж и коррекция фигуры,Массаж рук для коррекции объема,,false,,,,,
1.4.18,1,Массаж тела,1.4,Лимфодренаж и коррекция фигуры,Массаж ног от отеков,,false,,,,,
1.4.19,1,Массаж тела,1.4,Лимфодренаж и коррекция фигуры,Баночный массаж,,false,,,,,
1.4.20,1,Массаж тела,1.4,Лимфодренаж и коррекция фигуры,Вакуумный ручной массаж,,false,,,,,
1.4.21,1,Массаж тела,1.4,Лимфодренаж и коррекция фигуры,Медовый антицеллюлитный массаж,,false,,,,,
1.4.22,1,Массаж тела,1.4,Лимфодренаж и коррекция фигуры,Массаж сухой щеткой,,false,,,,,
1.4.23,1,Массаж тела,1.4,Лимфодренаж и коррекция фигуры,Массаж + обертывание,,false,,,,,
1.4.24,1,Массаж тела,1.4,Лимфодренаж и коррекция фигуры,Курс антицеллюлитного массажа,,false,,,,,
1.4.25,1,Массаж тела,1.4,Лимфодренаж и коррекция фигуры,Курс лимфодренажного массажа,,false,,,,,
1.4.26,1,Массаж тела,1.4,Лимфодренаж и коррекция фигуры,Программа коррекции фигуры,,false,,,,,
1.4.27,1,Массаж тела,1.4,Лимфодренаж и коррекция фигуры,Программа “минус объемы”,,false,,,,,
1.4.28,1,Массаж тела,1.4,Лимфодренаж и коррекция фигуры,Программа “легкие ноги”,,false,,,,,
1.4.29,1,Массаж тела,1.4,Лимфодренаж и коррекция фигуры,Программа “плоский живот”,,false,,,,,
1.4.30,1,Массаж тела,1.4,Лимфодренаж и коррекция фигуры,Программа “упругие ягодицы”,,false,,,,,
1.5.1,1,Массаж тела,1.5,Женские и специальные массажи,Массаж для женщин,,false,,,,,
1.5.2,1,Массаж тела,1.5,Женские и специальные массажи,Массаж для беременных,,false,,,,,
1.5.3,1,Массаж тела,1.5,Женские и специальные массажи,Массаж ног для беременных,,false,,,,,
1.5.4,1,Массаж тела,1.5,Женские и специальные массажи,Мягкий лимфодренаж для беременных,,false,,,,,
1.5.5,1,Массаж тела,1.5,Женские и специальные массажи,Массаж после родов,,false,,,,,
1.5.6,1,Массаж тела,1.5,Женские и специальные массажи,Массаж для восстановления после беременности,,false,,,,,
1.5.7,1,Массаж тела,1.5,Женские и специальные массажи,Массаж живота после родов,,false,,,,,
1.5.8,1,Массаж тела,1.5,Женские и специальные массажи,Массаж при отечности у женщин,,false,,,,,
1.5.9,1,Массаж тела,1.5,Женские и специальные массажи,Массаж при ПМС,,false,,,,,
1.5.10,1,Массаж тела,1.5,Женские и специальные массажи,"Массаж лица, шеи и декольте",,false,,,,,
1.5.11,1,Массаж тела,1.5,Женские и специальные массажи,Буккальный массаж лица,,false,,,,,
1.5.12,1,Массаж тела,1.5,Женские и специальные массажи,Скульптурный массаж лица,,false,,,,,
1.5.13,1,Массаж тела,1.5,Женские и специальные массажи,Пластический массаж лица,,false,,,,,
1.5.14,1,Массаж тела,1.5,Женские и специальные массажи,Хиромассаж лица,,false,,,,,
1.5.15,1,Массаж тела,1.5,Женские и специальные массажи,Лимфодренажный массаж лица,,false,,,,,
1.5.16,1,Массаж тела,1.5,Женские и специальные массажи,Миофасциальный массаж лица,,false,,,,,
1.5.17,1,Массаж тела,1.5,Женские и специальные массажи,Кобидо,,false,,,,,
1.5.18,1,Массаж тела,1.5,Женские и специальные массажи,Испанский массаж лица,,false,,,,,
1.5.19,1,Массаж тела,1.5,Женские и специальные массажи,Массаж груди,только при наличии квалификации и юридически корректного протокола,true,marker,,,,
1.6.1,1,Массаж тела,1.6,Детский массаж,Общий детский массаж,,false,,,,,
1.6.2,1,Массаж тела,1.6,Детский массаж,Массаж детям до 1 года,,false,,,,,
1.6.3,1,Массаж тела,1.6,Детский массаж,Массаж детям 1–3 лет,,false,,,,,
1.6.4,1,Массаж тела,1.6,Детский массаж,Массаж детям 3–7 лет,,false,,,,,
1.6.5,1,Массаж тела,1.6,Детский массаж,Массаж школьникам,,false,,,,,
1.6.6,1,Массаж тела,1.6,Детский массаж,Профилактический детский массаж,,false,,,,,
1.6.7,1,Массаж тела,1.6,Детский массаж,Детский массаж спины,,false,,,,,
1.6.8,1,Массаж тела,1.6,Детский массаж,Детский массаж стоп,,false,,,,,
1.6.9,1,Массаж тела,1.6,Детский массаж,Массаж при нарушении осанки у детей,,false,,,,,
1.6.10,1,Массаж тела,1.6,Детский массаж,Массаж при гипертонусе/гипотонусе,,false,,,,,
1.6.11,1,Массаж тела,1.6,Детский массаж,Лечебный детский массаж,только медицинский профиль,true,marker,,,,
1.6.12,1,Массаж тела,1.6,Детский массаж,Массаж для подростков,,false,,,,,
1.6.13,1,Массаж тела,1.6,Детский массаж,Детский спортивный массаж,,false,,,,,
2.1.1,2,Аппаратный массаж и аппаратная коррекция фигуры,2.1,Вакуумно-роликовые и лимфодренажные методики,LPG-массаж тела,,false,,,,,
2.1.2,2,Аппаратный массаж и аппаратная коррекция фигуры,2.1,Вакуумно-роликовые и лимфодренажные методики,LPG-массаж лица,,false,,,,,
2.1.3,2,Аппаратный массаж и аппаратная коррекция фигуры,2.1,Вакуумно-роликовые и лимфодренажные методики,LPG-массаж живота,,false,,,,,
2.1.4,2,Аппаратный массаж и аппаратная коррекция фигуры,2.1,Вакуумно-роликовые и лимфодренажные методики,LPG-массаж бедер,,false,,,,,
2.1.5,2,Аппаратный массаж и аппаратная коррекция фигуры,2.1,Вакуумно-роликовые и лимфодренажные методики,LPG-массаж ягодиц,,false,,,,,
2.1.6,2,Аппаратный массаж и аппаратная коррекция фигуры,2.1,Вакуумно-роликовые и лимфодренажные методики,LPG-массаж рук,,false,,,,,
2.1.7,2,Аппаратный массаж и аппаратная коррекция фигуры,2.1,Вакуумно-роликовые и лимфодренажные методики,LPG-массаж ног,,false,,,,,
2.1.8,2,Аппаратный массаж и аппаратная коррекция фигуры,2.1,Вакуумно-роликовые и лимфодренажные методики,Вакуумно-роликовый массаж,,false,,,,,
2.1.9,2,Аппаратный массаж и аппаратная коррекция фигуры,2.1,Вакуумно-роликовые и лимфодренажные методики,Вакуумный аппаратный массаж,,false,,,,,
2.1.10,2,Аппаратный массаж и аппаратная коррекция фигуры,2.1,Вакуумно-роликовые и лимфодренажные методики,Вакуумно-роликовая коррекция фигуры,,false,,,,,
2.1.11,2,Аппаратный массаж и аппаратная коррекция фигуры,2.1,Вакуумно-роликовые и лимфодренажные методики,Аппаратный лимфодренаж,,false,,,,,
2.1.12,2,Аппаратный массаж и аппаратная коррекция фигуры,2.1,Вакуумно-роликовые и лимфодренажные методики,Прессотерапия,,false,,,,,
2.1.13,2,Аппаратный массаж и аппаратная коррекция фигуры,2.1,Вакуумно-роликовые и лимфодренажные методики,Барокомпрессионный лимфодренаж,,false,,,,,
2.1.14,2,Аппаратный массаж и аппаратная коррекция фигуры,2.1,Вакуумно-роликовые и лимфодренажные методики,Прессотерапия ног,,false,,,,,
2.1.15,2,Аппаратный массаж и аппаратная коррекция фигуры,2.1,Вакуумно-роликовые и лимфодренажные методики,Прессотерапия тела,,false,,,,,
2.1.16,2,Аппаратный массаж и аппаратная коррекция фигуры,2.1,Вакуумно-роликовые и лимфодренажные методики,Прессотерапия + обертывание,,false,,,,,
2.1.17,2,Аппаратный массаж и аппаратная коррекция фигуры,2.1,Вакуумно-роликовые и лимфодренажные методики,Эндосфера-терапия,,false,,,,,
2.1.18,2,Аппаратный массаж и аппаратная коррекция фигуры,2.1,Вакуумно-роликовые и лимфодренажные методики,R-Sleek массаж,,false,,,,,
2.1.19,2,Аппаратный массаж и аппаратная коррекция фигуры,2.1,Вакуумно-роликовые и лимфодренажные методики,Starvac массаж,,false,,,,,
2.1.20,2,Аппаратный массаж и аппаратная коррекция фигуры,2.1,Вакуумно-роликовые и лимфодренажные методики,ICOONE массаж,,false,,,,,
2.1.21,2,Аппаратный массаж и аппаратная коррекция фигуры,2.1,Вакуумно-роликовые и лимфодренажные методики,Vortex массаж,,false,,,,,
2.1.22,2,Аппаратный массаж и аппаратная коррекция фигуры,2.1,Вакуумно-роликовые и лимфодренажные методики,Cellu M6 массаж,,false,,,,,
2.1.23,2,Аппаратный массаж и аппаратная коррекция фигуры,2.1,Вакуумно-роликовые и лимфодренажные методики,Аппаратный массаж ног,,false,,,,,
2.1.24,2,Аппаратный массаж и аппаратная коррекция фигуры,2.1,Вакуумно-роликовые и лимфодренажные методики,Аппаратный массаж живота,,false,,,,,
2.1.25,2,Аппаратный массаж и аппаратная коррекция фигуры,2.1,Вакуумно-роликовые и лимфодренажные методики,Аппаратный массаж ягодиц,,false,,,,,
2.1.26,2,Аппаратный массаж и аппаратная коррекция фигуры,2.1,Вакуумно-роликовые и лимфодренажные методики,Аппаратный массаж бедер,,false,,,,,
2.1.27,2,Аппаратный массаж и аппаратная коррекция фигуры,2.1,Вакуумно-роликовые и лимфодренажные методики,Аппаратный массаж рук,,false,,,,,
2.2.1,2,Аппаратный массаж и аппаратная коррекция фигуры,2.2,"RF, кавитация, миостимуляция",RF-лифтинг тела,,false,,,,,
2.2.2,2,Аппаратный массаж и аппаратная коррекция фигуры,2.2,"RF, кавитация, миостимуляция",RF-лифтинг лица,,false,,,,,
2.2.3,2,Аппаратный массаж и аппаратная коррекция фигуры,2.2,"RF, кавитация, миостимуляция",RF-лифтинг живота,,false,,,,,
2.2.4,2,Аппаратный массаж и аппаратная коррекция фигуры,2.2,"RF, кавитация, миостимуляция",RF-лифтинг бедер,,false,,,,,
2.2.5,2,Аппаратный массаж и аппаратная коррекция фигуры,2.2,"RF, кавитация, миостимуляция",RF-лифтинг ягодиц,,false,,,,,
2.2.6,2,Аппаратный массаж и аппаратная коррекция фигуры,2.2,"RF, кавитация, миостимуляция",RF-лифтинг рук,,false,,,,,
2.2.7,2,Аппаратный массаж и аппаратная коррекция фигуры,2.2,"RF, кавитация, миостимуляция",Радиочастотный лифтинг,,false,,,,,
2.2.8,2,Аппаратный массаж и аппаратная коррекция фигуры,2.2,"RF, кавитация, миостимуляция",Мультиполярный RF,,false,,,,,
2.2.9,2,Аппаратный массаж и аппаратная коррекция фигуры,2.2,"RF, кавитация, миостимуляция",Биполярный RF,,false,,,,,
2.2.10,2,Аппаратный массаж и аппаратная коррекция фигуры,2.2,"RF, кавитация, миостимуляция",RF-липолиз,,false,,,,,
2.2.11,2,Аппаратный массаж и аппаратная коррекция фигуры,2.2,"RF, кавитация, миостимуляция",Ультразвуковая кавитация,,false,,,,,
2.2.12,2,Аппаратный массаж и аппаратная коррекция фигуры,2.2,"RF, кавитация, миостимуляция",Кавитация живота,,false,,,,,
2.2.13,2,Аппаратный массаж и аппаратная коррекция фигуры,2.2,"RF, кавитация, миостимуляция",Кавитация боков,,false,,,,,
2.2.14,2,Аппаратный массаж и аппаратная коррекция фигуры,2.2,"RF, кавитация, миостимуляция",Кавитация бедер,,false,,,,,
2.2.15,2,Аппаратный массаж и аппаратная коррекция фигуры,2.2,"RF, кавитация, миостимуляция",Кавитация ягодиц,,false,,,,,
2.2.16,2,Аппаратный массаж и аппаратная коррекция фигуры,2.2,"RF, кавитация, миостимуляция",Кавитация рук,,false,,,,,
2.2.17,2,Аппаратный массаж и аппаратная коррекция фигуры,2.2,"RF, кавитация, миостимуляция",Кавитация зоны галифе,,false,,,,,
2.2.18,2,Аппаратный массаж и аппаратная коррекция фигуры,2.2,"RF, кавитация, миостимуляция",Миостимуляция,,false,,,,,
2.2.19,2,Аппаратный массаж и аппаратная коррекция фигуры,2.2,"RF, кавитация, миостимуляция",Электромиостимуляция,,false,,,,,
2.2.20,2,Аппаратный массаж и аппаратная коррекция фигуры,2.2,"RF, кавитация, миостимуляция",EMS-терапия,,false,,,,,
2.2.21,2,Аппаратный массаж и аппаратная коррекция фигуры,2.2,"RF, кавитация, миостимуляция",EMS body sculpt,,false,,,,,
2.2.22,2,Аппаратный массаж и аппаратная коррекция фигуры,2.2,"RF, кавитация, миостимуляция",Электролиполиз,,false,,,,,
2.2.23,2,Аппаратный массаж и аппаратная коррекция фигуры,2.2,"RF, кавитация, миостимуляция",Микротоки по телу,,false,,,,,
2.2.24,2,Аппаратный массаж и аппаратная коррекция фигуры,2.2,"RF, кавитация, миостимуляция",Аппаратное моделирование фигуры,,false,,,,,
2.2.25,2,Аппаратный массаж и аппаратная коррекция фигуры,2.2,"RF, кавитация, миостимуляция",Аппаратное уменьшение объемов,,false,,,,,
2.3.1,2,Аппаратный массаж и аппаратная коррекция фигуры,2.3,VelaShape и комбинированные процедуры,VelaShape тела,,false,,,,,
2.3.2,2,Аппаратный массаж и аппаратная коррекция фигуры,2.3,VelaShape и комбинированные процедуры,VelaShape живот,,false,,,,,
2.3.3,2,Аппаратный массаж и аппаратная коррекция фигуры,2.3,VelaShape и комбинированные процедуры,VelaShape бедра,,false,,,,,
2.3.4,2,Аппаратный массаж и аппаратная коррекция фигуры,2.3,VelaShape и комбинированные процедуры,VelaShape ягодицы,,false,,,,,
2.3.5,2,Аппаратный массаж и аппаратная коррекция фигуры,2.3,VelaShape и комбинированные процедуры,VelaShape руки,,false,,,,,
2.3.6,2,Аппаратный массаж и аппаратная коррекция фигуры,2.3,VelaShape и комбинированные процедуры,VelaShape зона галифе,,false,,,,,
2.3.7,2,Аппаратный массаж и аппаратная коррекция фигуры,2.3,VelaShape и комбинированные процедуры,VelaShape колени,,false,,,,,
2.3.8,2,Аппаратный массаж и аппаратная коррекция фигуры,2.3,VelaShape и комбинированные процедуры,VelaShape комплекс,,false,,,,,
2.3.9,2,Аппаратный массаж и аппаратная коррекция фигуры,2.3,VelaShape и комбинированные процедуры,VelaShape + ручной массаж,,false,,,,,
2.3.10,2,Аппаратный массаж и аппаратная коррекция фигуры,2.3,VelaShape и комбинированные процедуры,VelaShape + антицеллюлитный массаж,,false,,,,,
2.3.11,2,Аппаратный массаж и аппаратная коррекция фигуры,2.3,VelaShape и комбинированные процедуры,VelaShape + лимфодренаж,,false,,,,,
2.3.12,2,Аппаратный массаж и аппаратная коррекция фигуры,2.3,VelaShape и комбинированные процедуры,VelaShape + обертывание,,false,,,,,
2.3.13,2,Аппаратный массаж и аппаратная коррекция фигуры,2.3,VelaShape и комбинированные процедуры,VelaShape курс коррекции фигуры,,false,,,,,
2.3.14,2,Аппаратный массаж и аппаратная коррекция фигуры,2.3,VelaShape и комбинированные процедуры,Вакуум + RF,,false,,,,,
2.3.15,2,Аппаратный массаж и аппаратная коррекция фигуры,2.3,VelaShape и комбинированные процедуры,RF + кавитация,,false,,,,,
2.3.16,2,Аппаратный массаж и аппаратная коррекция фигуры,2.3,VelaShape и комбинированные процедуры,Кавитация + прессотерапия,,false,,,,,
2.3.17,2,Аппаратный массаж и аппаратная коррекция фигуры,2.3,VelaShape и комбинированные процедуры,Кавитация + RF + прессотерапия,,false,,,,,
2.3.18,2,Аппаратный массаж и аппаратная коррекция фигуры,2.3,VelaShape и комбинированные процедуры,Аппаратная программа коррекции фигуры,,false,,,,,
2.4.1,2,Аппаратный массаж и аппаратная коррекция фигуры,2.4,"Крио, лазер, HIFU, термо и водные процедуры",Криолиполиз,,false,,,,,
2.4.2,2,Аппаратный массаж и аппаратная коррекция фигуры,2.4,"Крио, лазер, HIFU, термо и водные процедуры",Лазерный липолиз,,false,,,,,
2.4.3,2,Аппаратный массаж и аппаратная коррекция фигуры,2.4,"Крио, лазер, HIFU, термо и водные процедуры",Липолазер,,false,,,,,
2.4.4,2,Аппаратный массаж и аппаратная коррекция фигуры,2.4,"Крио, лазер, HIFU, термо и водные процедуры",HIFU-лифтинг тела,,false,,,,,
2.4.5,2,Аппаратный массаж и аппаратная коррекция фигуры,2.4,"Крио, лазер, HIFU, термо и водные процедуры",SMAS-лифтинг тела,,false,,,,,
2.4.6,2,Аппаратный массаж и аппаратная коррекция фигуры,2.4,"Крио, лазер, HIFU, термо и водные процедуры",Термотерапия тела,,false,,,,,
2.4.7,2,Аппаратный массаж и аппаратная коррекция фигуры,2.4,"Крио, лазер, HIFU, термо и водные процедуры",Инфракрасная термотерапия,,false,,,,,
2.4.8,2,Аппаратный массаж и аппаратная коррекция фигуры,2.4,"Крио, лазер, HIFU, термо и водные процедуры",Аппаратное прогревание,,false,,,,,
2.4.9,2,Аппаратный массаж и аппаратная коррекция фигуры,2.4,"Крио, лазер, HIFU, термо и водные процедуры",Вибромассаж,,false,,,,,
2.4.10,2,Аппаратный массаж и аппаратная коррекция фигуры,2.4,"Крио, лазер, HIFU, термо и водные процедуры",Виброплатформа,,false,,,,,
2.4.11,2,Аппаратный массаж и аппаратная коррекция фигуры,2.4,"Крио, лазер, HIFU, термо и водные процедуры",Гидромассаж,,false,,,,,
2.4.12,2,Аппаратный массаж и аппаратная коррекция фигуры,2.4,"Крио, лазер, HIFU, термо и водные процедуры",Душ Шарко,,false,,,,,
2.4.13,2,Аппаратный массаж и аппаратная коррекция фигуры,2.4,"Крио, лазер, HIFU, термо и водные процедуры",Подводный душ-массаж,,false,,,,,
2.4.14,2,Аппаратный массаж и аппаратная коррекция фигуры,2.4,"Крио, лазер, HIFU, термо и водные процедуры",Спа-капсула,,false,,,,,
2.4.15,2,Аппаратный массаж и аппаратная коррекция фигуры,2.4,"Крио, лазер, HIFU, термо и водные процедуры",Инфракрасная сауна,,false,,,,,
2.4.16,2,Аппаратный массаж и аппаратная коррекция фигуры,2.4,"Крио, лазер, HIFU, термо и водные процедуры",Кедровая бочка,,false,,,,,
2.4.17,2,Аппаратный массаж и аппаратная коррекция фигуры,2.4,"Крио, лазер, HIFU, термо и водные процедуры","Флоатинг, если есть соответствующее оборудование",,false,,,,,
3.1.1,3,"SPA, обертывания и уходы за телом",3.1,Обертывания,Антицеллюлитное обертывание,,false,,,,,
3.1.2,3,"SPA, обертывания и уходы за телом",3.1,Обертывания,Лимфодренажное обертывание,,false,,,,,
3.1.3,3,"SPA, обертывания и уходы за телом",3.1,Обертывания,Водорослевое обертывание,,false,,,,,
3.1.4,3,"SPA, обертывания и уходы за телом",3.1,Обертывания,Шоколадное обертывание,,false,,,,,
3.1.5,3,"SPA, обертывания и уходы за телом",3.1,Обертывания,Медовое обертывание,,false,,,,,
3.1.6,3,"SPA, обертывания и уходы за телом",3.1,Обертывания,Глиняное обертывание,,false,,,,,
3.1.7,3,"SPA, обертывания и уходы за телом",3.1,Обертывания,Грязевое обертывание,,false,,,,,
3.1.8,3,"SPA, обертывания и уходы за телом",3.1,Обертывания,Минеральное обертывание,,false,,,,,
3.1.9,3,"SPA, обертывания и уходы за телом",3.1,Обертывания,Детокс-обертывание,,false,,,,,
3.1.10,3,"SPA, обертывания и уходы за телом",3.1,Обертывания,Холодное обертывание,,false,,,,,
3.1.11,3,"SPA, обертывания и уходы за телом",3.1,Обертывания,Горячее обертывание,,false,,,,,
3.1.12,3,"SPA, обертывания и уходы за телом",3.1,Обертывания,Термообертывание,,false,,,,,
3.1.13,3,"SPA, обертывания и уходы за телом",3.1,Обертывания,Обертывание для упругости кожи,,false,,,,,
3.1.14,3,"SPA, обертывания и уходы за телом",3.1,Обертывания,Обертывание против отеков,,false,,,,,
3.1.15,3,"SPA, обертывания и уходы за телом",3.1,Обертывания,Обертывание для живота,,false,,,,,
3.1.16,3,"SPA, обертывания и уходы за телом",3.1,Обертывания,Обертывание для ног,,false,,,,,
3.1.17,3,"SPA, обертывания и уходы за телом",3.1,Обертывания,Обертывание для бедер и ягодиц,,false,,,,,
3.1.18,3,"SPA, обертывания и уходы за телом",3.1,Обертывания,Обертывание после массажа,,false,,,,,
3.1.19,3,"SPA, обертывания и уходы за телом",3.1,Обертывания,Обертывание + прессотерапия,,false,,,,,
3.1.20,3,"SPA, обертывания и уходы за телом",3.1,Обертывания,Обертывание + VelaShape,,false,,,,,
3.1.21,3,"SPA, обертывания и уходы за телом",3.1,Обертывания,Пеленание тела,,false,,,,,
3.2.1,3,"SPA, обертывания и уходы за телом",3.2,"Скрабы, пилинги и уходы за телом",Скрабирование тела,,false,,,,,
3.2.2,3,"SPA, обертывания и уходы за телом",3.2,"Скрабы, пилинги и уходы за телом",Пилинг тела,,false,,,,,
3.2.3,3,"SPA, обертывания и уходы за телом",3.2,"Скрабы, пилинги и уходы за телом",Солевой пилинг тела,,false,,,,,
3.2.4,3,"SPA, обертывания и уходы за телом",3.2,"Скрабы, пилинги и уходы за телом",Сахарный скраб тела,,false,,,,,
3.2.5,3,"SPA, обертывания и уходы за телом",3.2,"Скрабы, пилинги и уходы за телом",Кофейный скраб тела,,false,,,,,
3.2.6,3,"SPA, обертывания и уходы за телом",3.2,"Скрабы, пилинги и уходы за телом",Энзимный пилинг тела,,false,,,,,
3.2.7,3,"SPA, обертывания и уходы за телом",3.2,"Скрабы, пилинги и уходы за телом",Увлажнение тела,,false,,,,,
3.2.8,3,"SPA, обертывания и уходы за телом",3.2,"Скрабы, пилинги и уходы за телом",Питание кожи тела,,false,,,,,
3.2.9,3,"SPA, обертывания и уходы за телом",3.2,"Скрабы, пилинги и уходы за телом",Уход для сухой кожи тела,,false,,,,,
3.2.10,3,"SPA, обертывания и уходы за телом",3.2,"Скрабы, пилинги и уходы за телом",Уход после загара,,false,,,,,
3.2.11,3,"SPA, обертывания и уходы за телом",3.2,"Скрабы, пилинги и уходы за телом",Уход для упругости кожи,,false,,,,,
3.2.12,3,"SPA, обертывания и уходы за телом",3.2,"Скрабы, пилинги и уходы за телом",Уход для зоны декольте,,false,,,,,
3.2.13,3,"SPA, обертывания и уходы за телом",3.2,"Скрабы, пилинги и уходы за телом",Уход для рук,,false,,,,,
3.2.14,3,"SPA, обертывания и уходы за телом",3.2,"Скрабы, пилинги и уходы за телом",Уход для ног,,false,,,,,
3.2.15,3,"SPA, обертывания и уходы за телом",3.2,"Скрабы, пилинги и уходы за телом",Парафинотерапия рук,,false,,,,,
3.2.16,3,"SPA, обертывания и уходы за телом",3.2,"Скрабы, пилинги и уходы за телом",Парафинотерапия ног,,false,,,,,
3.2.17,3,"SPA, обертывания и уходы за телом",3.2,"Скрабы, пилинги и уходы за телом",Холодная парафинотерапия,,false,,,,,
3.2.18,3,"SPA, обертывания и уходы за телом",3.2,"Скрабы, пилинги и уходы за телом",SPA-уход для рук,,false,,,,,
3.2.19,3,"SPA, обертывания и уходы за телом",3.2,"Скрабы, пилинги и уходы за телом",SPA-уход для ног,,false,,,,,
3.3.1,3,"SPA, обертывания и уходы за телом",3.3,SPA-программы,SPA-программа для тела,,false,,,,,
3.3.2,3,"SPA, обертывания и уходы за телом",3.3,SPA-программы,SPA-день,,false,,,,,
3.3.3,3,"SPA, обертывания и уходы за телом",3.3,SPA-программы,SPA для двоих,,false,,,,,
3.3.4,3,"SPA, обертывания и уходы за телом",3.3,SPA-программы,SPA-программа “релакс”,,false,,,,,
3.3.5,3,"SPA, обертывания и уходы за телом",3.3,SPA-программы,SPA-программа “антистресс”,,false,,,,,
3.3.6,3,"SPA, обертывания и уходы за телом",3.3,SPA-программы,SPA-программа “детокс”,,false,,,,,
3.3.7,3,"SPA, обертывания и уходы за телом",3.3,SPA-программы,SPA-программа “легкие ноги”,,false,,,,,
3.3.8,3,"SPA, обертывания и уходы за телом",3.3,SPA-программы,SPA-программа “коррекция фигуры”,,false,,,,,
3.3.9,3,"SPA, обертывания и уходы за телом",3.3,SPA-программы,SPA-программа “обновление кожи”,,false,,,,,
3.3.10,3,"SPA, обертывания и уходы за телом",3.3,SPA-программы,SPA-программа “шоколад”,,false,,,,,
3.3.11,3,"SPA, обертывания и уходы за телом",3.3,SPA-программы,SPA-программа “восточный ритуал”,,false,,,,,
3.3.12,3,"SPA, обертывания и уходы за телом",3.3,SPA-программы,SPA-программа “арома-релакс”,,false,,,,,
3.3.13,3,"SPA, обертывания и уходы за телом",3.3,SPA-программы,SPA-программа “перед отпуском”,,false,,,,,
3.3.14,3,"SPA, обертывания и уходы за телом",3.3,SPA-программы,SPA-программа “после отпуска”,,false,,,,,
3.3.15,3,"SPA, обертывания и уходы за телом",3.3,SPA-программы,SPA-программа “для невесты”,,false,,,,,
3.3.16,3,"SPA, обертывания и уходы за телом",3.3,SPA-программы,SPA-программа “мама отдыхает”,,false,,,,,
3.3.17,3,"SPA, обертывания и уходы за телом",3.3,SPA-программы,Комплекс “массаж + скраб”,,false,,,,,
3.3.18,3,"SPA, обертывания и уходы за телом",3.3,SPA-программы,Комплекс “массаж + обертывание”,,false,,,,,
3.3.19,3,"SPA, обертывания и уходы за телом",3.3,SPA-программы,Комплекс “скраб + обертывание + массаж”,,false,,,,,
4.1.1,4,Косметология лица,4.1,Консультации и диагностика,Консультация косметолога,,false,,,,,
4.1.2,4,Косметология лица,4.1,Консультации и диагностика,Консультация врача-косметолога,,true,marker,,,,
4.1.3,4,Косметология лица,4.1,Консультации и диагностика,Диагностика кожи,,false,,,,,
4.1.4,4,Косметология лица,4.1,Консультации и диагностика,Аппаратная диагностика кожи,,false,,,,,
4.1.5,4,Косметология лица,4.1,Консультации и диагностика,Подбор домашнего ухода,,false,,,,,
4.1.6,4,Косметология лица,4.1,Консультации и диагностика,Разбор текущей косметики клиента,,false,,,,,
4.1.7,4,Косметология лица,4.1,Консультации и диагностика,Составление плана процедур,,false,,,,,
4.1.8,4,Косметология лица,4.1,Консультации и диагностика,Консультация по акне,,false,,,,,
4.1.9,4,Косметология лица,4.1,Консультации и диагностика,Консультация по постакне,,false,,,,,
4.1.10,4,Косметология лица,4.1,Консультации и диагностика,Консультация по пигментации,,false,,,,,
4.1.11,4,Косметология лица,4.1,Консультации и диагностика,Консультация по возрастным изменениям,,false,,,,,
4.1.12,4,Косметология лица,4.1,Консультации и диагностика,Консультация по отечности лица,,false,,,,,
4.1.13,4,Косметология лица,4.1,Консультации и диагностика,Консультация по куперозу,,false,,,,,
4.1.14,4,Косметология лица,4.1,Консультации и диагностика,Консультация по чувствительной коже,,false,,,,,
4.1.15,4,Косметология лица,4.1,Консультации и диагностика,Консультация перед пилингом,,false,,,,,
4.1.16,4,Косметология лица,4.1,Консультации и диагностика,Консультация перед инъекциями,,false,,,,,
4.1.17,4,Косметология лица,4.1,Консультации и диагностика,Консультация перед лазерными процедурами,,false,,,,,
4.1.18,4,Косметология лица,4.1,Консультации и диагностика,Консультация по противопоказаниям,,true,marker,,,,
4.1.19,4,Косметология лица,4.1,Консультации и диагностика,Повторная консультация косметолога,,false,,,,,
4.2.1,4,Косметология лица,4.2,Чистки лица,Механическая чистка лица,,false,,,,,
4.2.2,4,Косметология лица,4.2,Чистки лица,Ручная чистка лица,,false,,,,,
4.2.3,4,Косметология лица,4.2,Чистки лица,Ультразвуковая чистка лица,,false,,,,,
4.2.4,4,Косметология лица,4.2,Чистки лица,Комбинированная чистка лица,,false,,,,,
4.2.5,4,Косметология лица,4.2,Чистки лица,Атравматичная чистка лица,,false,,,,,
4.2.6,4,Косметология лица,4.2,Чистки лица,Вакуумная чистка лица,,false,,,,,
4.2.7,4,Косметология лица,4.2,Чистки лица,Аппаратная чистка лица,,false,,,,,
4.2.8,4,Косметология лица,4.2,Чистки лица,Глубокая чистка лица,,false,,,,,
4.2.9,4,Косметология лица,4.2,Чистки лица,Чистка лица при акне,,false,,,,,
4.2.10,4,Косметология лица,4.2,Чистки лица,Чистка лица при комедонах,,false,,,,,
4.2.11,4,Косметология лица,4.2,Чистки лица,Подростковая чистка лица,,false,,,,,
4.2.12,4,Косметология лица,4.2,Чистки лица,Экспресс-чистка лица,,false,,,,,
4.2.13,4,Косметология лица,4.2,Чистки лица,Чистка T-зоны,,false,,,,,
4.2.14,4,Косметология лица,4.2,Чистки лица,Чистка спины,,false,,,,,
4.2.15,4,Косметология лица,4.2,Чистки лица,Чистка плеч,,false,,,,,
4.2.16,4,Косметология лица,4.2,Чистки лица,Чистка зоны декольте,,false,,,,,
4.2.17,4,Косметология лица,4.2,Чистки лица,Чистка + пилинг,,false,,,,,
4.2.18,4,Косметология лица,4.2,Чистки лица,Чистка + уход,,false,,,,,
4.2.19,4,Косметология лица,4.2,Чистки лица,Чистка + маска,,false,,,,,
4.2.20,4,Косметология лица,4.2,Чистки лица,Чистка + дарсонваль,,false,,,,,
4.2.21,4,Косметология лица,4.2,Чистки лица,Чистка + LED-терапия,,false,,,,,
4.2.22,4,Косметология лица,4.2,Чистки лица,Чистка + карбокситерапия,,false,,,,,
4.2.23,4,Косметология лица,4.2,Чистки лица,Чистка + альгинатная маска,,false,,,,,
4.3.1,4,Косметология лица,4.3,Уходовые процедуры для лица,Базовый уход за лицом,,false,,,,,
4.3.2,4,Косметология лица,4.3,Уходовые процедуры для лица,Увлажняющий уход,,false,,,,,
4.3.3,4,Косметология лица,4.3,Уходовые процедуры для лица,Питательный уход,,false,,,,,
4.3.4,4,Косметология лица,4.3,Уходовые процедуры для лица,Успокаивающий уход,,false,,,,,
4.3.5,4,Косметология лица,4.3,Уходовые процедуры для лица,Восстанавливающий уход,,false,,,,,
4.3.6,4,Косметология лица,4.3,Уходовые процедуры для лица,Уход для чувствительной кожи,,false,,,,,
4.3.7,4,Косметология лица,4.3,Уходовые процедуры для лица,Уход для сухой кожи,,false,,,,,
4.3.8,4,Косметология лица,4.3,Уходовые процедуры для лица,Уход для жирной кожи,,false,,,,,
4.3.9,4,Косметология лица,4.3,Уходовые процедуры для лица,Уход для комбинированной кожи,,false,,,,,
4.3.10,4,Косметология лица,4.3,Уходовые процедуры для лица,Уход для проблемной кожи,,false,,,,,
4.3.11,4,Косметология лица,4.3,Уходовые процедуры для лица,Уход при акне,,false,,,,,
4.3.12,4,Косметология лица,4.3,Уходовые процедуры для лица,Уход при постакне,,false,,,,,
4.3.13,4,Косметология лица,4.3,Уходовые процедуры для лица,Уход при куперозе,,false,,,,,
4.3.14,4,Косметология лица,4.3,Уходовые процедуры для лица,Уход при пигментации,,false,,,,,
4.3.15,4,Косметология лица,4.3,Уходовые процедуры для лица,Уход для тусклой кожи,,false,,,,,
4.3.16,4,Косметология лица,4.3,Уходовые процедуры для лица,Уход для обезвоженной кожи,,false,,,,,
4.3.17,4,Косметология лица,4.3,Уходовые процедуры для лица,Антиоксидантный уход,,false,,,,,
4.3.18,4,Косметология лица,4.3,Уходовые процедуры для лица,Уход с витамином C,,false,,,,,
4.3.19,4,Косметология лица,4.3,Уходовые процедуры для лица,Уход с гиалуроновой кислотой,,false,,,,,
4.3.20,4,Косметология лица,4.3,Уходовые процедуры для лица,Уход с коллагеном,,false,,,,,
4.3.21,4,Косметология лица,4.3,Уходовые процедуры для лица,Уход с пептидами,,false,,,,,
4.3.22,4,Косметология лица,4.3,Уходовые процедуры для лица,Лифтинг-уход,,false,,,,,
4.3.23,4,Косметология лица,4.3,Уходовые процедуры для лица,Anti-age уход,,false,,,,,
4.3.24,4,Косметология лица,4.3,Уходовые процедуры для лица,Экспресс-уход,,false,,,,,
4.3.25,4,Косметология лица,4.3,Уходовые процедуры для лица,Уход “сияние кожи”,,false,,,,,
4.3.26,4,Косметология лица,4.3,Уходовые процедуры для лица,Уход перед мероприятием,,false,,,,,
4.3.27,4,Косметология лица,4.3,Уходовые процедуры для лица,Уход после загара,,false,,,,,
4.3.28,4,Косметология лица,4.3,Уходовые процедуры для лица,Восстановление кожного барьера,,false,,,,,
4.3.29,4,Косметология лица,4.3,Уходовые процедуры для лица,Уход для зоны вокруг глаз,,false,,,,,
4.3.30,4,Косметология лица,4.3,Уходовые процедуры для лица,Уход за шеей,,false,,,,,
4.3.31,4,Косметология лица,4.3,Уходовые процедуры для лица,Уход за декольте,,false,,,,,
4.3.32,4,Косметология лица,4.3,Уходовые процедуры для лица,Уход лицо + шея,,false,,,,,
4.3.33,4,Косметология лица,4.3,Уходовые процедуры для лица,Уход лицо + шея + декольте,,false,,,,,
4.3.34,4,Косметология лица,4.3,Уходовые процедуры для лица,Мужской уход за лицом,,false,,,,,
4.3.35,4,Косметология лица,4.3,Уходовые процедуры для лица,Подростковый уход за лицом,,false,,,,,
4.4.1,4,Косметология лица,4.4,Маски и профессиональные уходовые комплексы,Альгинатная маска,,false,,,,,
4.4.2,4,Косметология лица,4.4,Маски и профессиональные уходовые комплексы,Коллагеновая маска,,false,,,,,
4.4.3,4,Косметология лица,4.4,Маски и профессиональные уходовые комплексы,Гидрогелевая маска,,false,,,,,
4.4.4,4,Косметология лица,4.4,Маски и профессиональные уходовые комплексы,Тканевая маска,,false,,,,,
4.4.5,4,Косметология лица,4.4,Маски и профессиональные уходовые комплексы,Кремовая маска,,false,,,,,
4.4.6,4,Косметология лица,4.4,Маски и профессиональные уходовые комплексы,Глиняная маска,,false,,,,,
4.4.7,4,Косметология лица,4.4,Маски и профессиональные уходовые комплексы,Успокаивающая маска,,false,,,,,
4.4.8,4,Косметология лица,4.4,Маски и профессиональные уходовые комплексы,Себорегулирующая маска,,false,,,,,
4.4.9,4,Косметология лица,4.4,Маски и профессиональные уходовые комплексы,Маска для сияния кожи,,false,,,,,
4.4.10,4,Косметология лица,4.4,Маски и профессиональные уходовые комплексы,Лифтинг-маска,,false,,,,,
4.4.11,4,Косметология лица,4.4,Маски и профессиональные уходовые комплексы,Маска для зоны вокруг глаз,,false,,,,,
4.4.12,4,Косметология лица,4.4,Маски и профессиональные уходовые комплексы,Маска после чистки,,false,,,,,
4.4.13,4,Косметология лица,4.4,Маски и профессиональные уходовые комплексы,Маска после пилинга,,false,,,,,
4.4.14,4,Косметология лица,4.4,Маски и профессиональные уходовые комплексы,Профессиональный уход Christina,,false,,,,,
4.4.15,4,Косметология лица,4.4,Маски и профессиональные уходовые комплексы,Профессиональный уход Holy Land,,false,,,,,
4.4.16,4,Косметология лица,4.4,Маски и профессиональные уходовые комплексы,Профессиональный уход Gigi,,false,,,,,
4.4.17,4,Косметология лица,4.4,Маски и профессиональные уходовые комплексы,Профессиональный уход Sesderma,,false,,,,,
4.4.18,4,Косметология лица,4.4,Маски и профессиональные уходовые комплексы,Профессиональный уход Janssen,,false,,,,,
4.4.19,4,Косметология лица,4.4,Маски и профессиональные уходовые комплексы,Профессиональный уход Academie,,false,,,,,
4.4.20,4,Косметология лица,4.4,Маски и профессиональные уходовые комплексы,Профессиональный уход DMK,,false,,,,,
4.4.21,4,Косметология лица,4.4,Маски и профессиональные уходовые комплексы,Профессиональный уход Dermalogica,,false,,,,,
4.4.22,4,Косметология лица,4.4,Маски и профессиональные уходовые комплексы,Профессиональный уход Biologique Recherche,,false,,,,,
4.5.1,4,Косметология лица,4.5,Карбокситерапия,Неинвазивная карбокситерапия лица,,false,,,,,
4.5.2,4,Косметология лица,4.5,Карбокситерапия,Карбокситерапия шеи,,false,,,,,
4.5.3,4,Косметология лица,4.5,Карбокситерапия,Карбокситерапия декольте,,false,,,,,
4.5.4,4,Косметология лица,4.5,Карбокситерапия,Карбокситерапия лицо + шея,,false,,,,,
4.5.5,4,Косметология лица,4.5,Карбокситерапия,Карбокситерапия лицо + шея + декольте,,false,,,,,
4.5.6,4,Косметология лица,4.5,Карбокситерапия,Карбокситерапия при тусклом цвете лица,,false,,,,,
4.5.7,4,Косметология лица,4.5,Карбокситерапия,Карбокситерапия при отечности,,false,,,,,
4.5.8,4,Косметология лица,4.5,Карбокситерапия,Карбокситерапия при возрастных изменениях,,false,,,,,
4.5.9,4,Косметология лица,4.5,Карбокситерапия,Карбокситерапия при акне,,false,,,,,
4.5.10,4,Косметология лица,4.5,Карбокситерапия,Карбокситерапия при постакне,,false,,,,,
4.5.11,4,Косметология лица,4.5,Карбокситерапия,Карбокситерапия курсом,,false,,,,,
4.5.12,4,Косметология лица,4.5,Карбокситерапия,Карбокситерапия после чистки,,false,,,,,
4.5.13,4,Косметология лица,4.5,Карбокситерапия,Карбокситерапия + альгинатная маска,,false,,,,,
4.5.14,4,Косметология лица,4.5,Карбокситерапия,Карбокситерапия + уход,,false,,,,,
4.6.1,4,Косметология лица,4.6,Пилинги,Поверхностный химический пилинг,,false,,,,,
4.6.2,4,Косметология лица,4.6,Пилинги,Срединный химический пилинг,,false,,,,,
4.6.3,4,Косметология лица,4.6,Пилинги,Глубокий пилинг,только медицинский профиль,true,marker,,,,
4.6.4,4,Косметология лица,4.6,Пилинги,Миндальный пилинг,,false,,,,,
4.6.5,4,Косметология лица,4.6,Пилинги,Молочный пилинг,,false,,,,,
4.6.6,4,Косметология лица,4.6,Пилинги,Гликолевый пилинг,,false,,,,,
4.6.7,4,Косметология лица,4.6,Пилинги,Салициловый пилинг,,false,,,,,
4.6.8,4,Косметология лица,4.6,Пилинги,Азелаиновый пилинг,,false,,,,,
4.6.9,4,Косметология лица,4.6,Пилинги,Феруловый пилинг,,false,,,,,
4.6.10,4,Косметология лица,4.6,Пилинги,Ретиноевый пилинг,,false,,,,,
4.6.11,4,Косметология лица,4.6,Пилинги,Желтый пилинг,,false,,,,,
4.6.12,4,Косметология лица,4.6,Пилинги,Пировиноградный пилинг,,false,,,,,
4.6.13,4,Косметология лица,4.6,Пилинги,ТСА-пилинг,,false,,,,,
4.6.14,4,Косметология лица,4.6,Пилинги,Пилинг Джесснера,,false,,,,,
4.6.15,4,Косметология лица,4.6,Пилинги,Энзимный пилинг,,false,,,,,
4.6.16,4,Косметология лица,4.6,Пилинги,Фруктовый пилинг,,false,,,,,
4.6.17,4,Косметология лица,4.6,Пилинги,AHA-пилинг,,false,,,,,
4.6.18,4,Косметология лица,4.6,Пилинги,BHA-пилинг,,false,,,,,
4.6.19,4,Косметология лица,4.6,Пилинги,PRX-T33,,false,,,,,
4.6.20,4,Косметология лица,4.6,Пилинги,BioRePeel,,false,,,,,
4.6.21,4,Косметология лица,4.6,Пилинги,Карбоновый пилинг,,false,,,,,
4.6.22,4,Косметология лица,4.6,Пилинги,Лазерный пилинг,,false,,,,,
4.6.23,4,Косметология лица,4.6,Пилинги,Пилинг при акне,,false,,,,,
4.6.24,4,Косметология лица,4.6,Пилинги,Пилинг при постакне,,false,,,,,
4.6.25,4,Косметология лица,4.6,Пилинги,Пилинг при пигментации,,false,,,,,
4.6.26,4,Косметология лица,4.6,Пилинги,Пилинг для сияния кожи,,false,,,,,
4.6.27,4,Косметология лица,4.6,Пилинги,Пилинг шеи,,false,,,,,
4.6.28,4,Косметология лица,4.6,Пилинги,Пилинг декольте,,false,,,,,
4.6.29,4,Косметология лица,4.6,Пилинги,Пилинг спины,,false,,,,,
4.6.30,4,Косметология лица,4.6,Пилинги,Пилинг рук,,false,,,,,
4.6.31,4,Косметология лица,4.6,Пилинги,Пилинг зоны бикини,если есть протокол,true,marker,,,,
4.6.32,4,Косметология лица,4.6,Пилинги,Пилинг кожи головы,,false,,,,,
5.1.1,5,Аппаратная косметология лица,5.1,Лифтинг и омоложение,Микротоковая терапия лица,,false,,,,,
5.1.2,5,Аппаратная косметология лица,5.1,Лифтинг и омоложение,Микротоки вокруг глаз,,false,,,,,
5.1.3,5,Аппаратная косметология лица,5.1,Лифтинг и омоложение,Микротоки лицо + шея,,false,,,,,
5.1.4,5,Аппаратная косметология лица,5.1,Лифтинг и омоложение,RF-лифтинг лица,,false,,,,,
5.1.5,5,Аппаратная косметология лица,5.1,Лифтинг и омоложение,RF-лифтинг шеи,,false,,,,,
5.1.6,5,Аппаратная косметология лица,5.1,Лифтинг и омоложение,RF-лифтинг декольте,,false,,,,,
5.1.7,5,Аппаратная косметология лица,5.1,Лифтинг и омоложение,SMAS-лифтинг лица,,false,,,,,
5.1.8,5,Аппаратная косметология лица,5.1,Лифтинг и омоложение,HIFU-лифтинг лица,,false,,,,,
5.1.9,5,Аппаратная косметология лица,5.1,Лифтинг и омоложение,Ультразвуковой лифтинг,,false,,,,,
5.1.10,5,Аппаратная косметология лица,5.1,Лифтинг и омоложение,Фотоомоложение,,false,,,,,
5.1.11,5,Аппаратная косметология лица,5.1,Лифтинг и омоложение,IPL-терапия,,false,,,,,
5.1.12,5,Аппаратная косметология лица,5.1,Лифтинг и омоложение,Лазерное омоложение,,false,,,,,
5.1.13,5,Аппаратная косметология лица,5.1,Лифтинг и омоложение,Фракционное лазерное омоложение,,false,,,,,
5.1.14,5,Аппаратная косметология лица,5.1,Лифтинг и омоложение,Лазерная шлифовка,,false,,,,,
5.1.15,5,Аппаратная косметология лица,5.1,Лифтинг и омоложение,Карбоновый лазерный пилинг,,false,,,,,
5.1.16,5,Аппаратная косметология лица,5.1,Лифтинг и омоложение,LED-терапия,,false,,,,,
5.1.17,5,Аппаратная косметология лица,5.1,Лифтинг и омоложение,Фотодинамическая терапия,,false,,,,,
5.1.18,5,Аппаратная косметология лица,5.1,Лифтинг и омоложение,Дарсонвализация,,false,,,,,
5.1.19,5,Аппаратная косметология лица,5.1,Лифтинг и омоложение,Ионофорез,,false,,,,,
5.1.20,5,Аппаратная косметология лица,5.1,Лифтинг и омоложение,Фонофорез,,false,,,,,
5.1.21,5,Аппаратная косметология лица,5.1,Лифтинг и омоложение,Электропорация,,false,,,,,
5.1.22,5,Аппаратная косметология лица,5.1,Лифтинг и омоложение,Безыгольная мезотерапия,,false,,,,,
5.1.23,5,Аппаратная косметология лица,5.1,Лифтинг и омоложение,Криотерапия лица,,false,,,,,
5.1.24,5,Аппаратная косметология лица,5.1,Лифтинг и омоложение,Газожидкостный пилинг,,false,,,,,
5.1.25,5,Аппаратная косметология лица,5.1,Лифтинг и омоложение,Hydrafacial,,false,,,,,
5.1.26,5,Аппаратная косметология лица,5.1,Лифтинг и омоложение,Аквапилинг,,false,,,,,
5.1.27,5,Аппаратная косметология лица,5.1,Лифтинг и омоложение,Аквадермабразия,,false,,,,,
5.1.28,5,Аппаратная косметология лица,5.1,Лифтинг и омоложение,Алмазная микродермабразия,,false,,,,,
5.1.29,5,Аппаратная косметология лица,5.1,Лифтинг и омоложение,Микродермабразия,,false,,,,,
5.1.30,5,Аппаратная косметология лица,5.1,Лифтинг и омоложение,Ультразвуковой уход,,false,,,,,
5.1.31,5,Аппаратная косметология лица,5.1,Лифтинг и омоложение,Кислородная терапия лица,,false,,,,,
5.2.1,5,Аппаратная косметология лица,5.2,Аппаратная работа с проблемами кожи,Лазерное удаление пигментации,,false,,,,,
5.2.2,5,Аппаратная косметология лица,5.2,Аппаратная работа с проблемами кожи,Лечение пигментации IPL,,false,,,,,
5.2.3,5,Аппаратная косметология лица,5.2,Аппаратная работа с проблемами кожи,Лазерное удаление сосудов,,false,,,,,
5.2.4,5,Аппаратная косметология лица,5.2,Аппаратная работа с проблемами кожи,Лечение купероза,,false,,,,,
5.2.5,5,Аппаратная косметология лица,5.2,Аппаратная работа с проблемами кожи,Лечение розацеа,только врачебный протокол,true,marker,,,,
5.2.6,5,Аппаратная косметология лица,5.2,Аппаратная работа с проблемами кожи,Аппаратное лечение акне,,false,,,,,
5.2.7,5,Аппаратная косметология лица,5.2,Аппаратная работа с проблемами кожи,LED-терапия при акне,,false,,,,,
5.2.8,5,Аппаратная косметология лица,5.2,Аппаратная работа с проблемами кожи,Фототерапия при акне,,false,,,,,
5.2.9,5,Аппаратная косметология лица,5.2,Аппаратная работа с проблемами кожи,Дарсонваль при акне,,false,,,,,
5.2.10,5,Аппаратная косметология лица,5.2,Аппаратная работа с проблемами кожи,Аппаратная работа с постакне,,false,,,,,
5.2.11,5,Аппаратная косметология лица,5.2,Аппаратная работа с проблемами кожи,Фракционная шлифовка рубцов,,false,,,,,
5.2.12,5,Аппаратная косметология лица,5.2,Аппаратная работа с проблемами кожи,Лазерная коррекция рубцов,,false,,,,,
5.2.13,5,Аппаратная косметология лица,5.2,Аппаратная работа с проблемами кожи,Лазерное сужение пор,,false,,,,,
5.2.14,5,Аппаратная косметология лица,5.2,Аппаратная работа с проблемами кожи,Аппаратное выравнивание тона кожи,,false,,,,,
5.2.15,5,Аппаратная косметология лица,5.2,Аппаратная работа с проблемами кожи,Аппаратное восстановление кожи после акне,,false,,,,,
6.1.1,6,Инъекционная косметология,6.1,Ботулинотерапия,Ботулинотерапия лба,,true,category-medical,,,,
6.1.2,6,Инъекционная косметология,6.1,Ботулинотерапия,Ботулинотерапия межбровья,,true,category-medical,,,,
6.1.3,6,Инъекционная косметология,6.1,Ботулинотерапия,Ботулинотерапия зоны вокруг глаз,,true,category-medical,,,,
6.1.4,6,Инъекционная косметология,6.1,Ботулинотерапия,Коррекция “гусиных лапок”,,true,category-medical,,,,
6.1.5,6,Инъекционная косметология,6.1,Ботулинотерапия,Ботулинотерапия носа,,true,category-medical,,,,
6.1.6,6,Инъекционная косметология,6.1,Ботулинотерапия,Коррекция десневой улыбки,,true,category-medical,,,,
6.1.7,6,Инъекционная косметология,6.1,Ботулинотерапия,Ботулинотерапия подбородка,,true,category-medical,,,,
6.1.8,6,Инъекционная косметология,6.1,Ботулинотерапия,Ботулинотерапия жевательных мышц,,true,category-medical,,,,
6.1.9,6,Инъекционная косметология,6.1,Ботулинотерапия,Коррекция овала лица ботулотоксином,,true,category-medical,,,,
6.1.10,6,Инъекционная косметология,6.1,Ботулинотерапия,Лечение гипергидроза подмышек,,true,category-medical,,,,
6.1.11,6,Инъекционная косметология,6.1,Ботулинотерапия,Лечение гипергидроза ладоней,,true,category-medical,,,,
6.1.12,6,Инъекционная косметология,6.1,Ботулинотерапия,Лечение гипергидроза стоп,,true,category-medical,,,,
6.1.13,6,Инъекционная косметология,6.1,Ботулинотерапия,Full face ботулинотерапия,,true,category-medical,,,,
6.2.1,6,Инъекционная косметология,6.2,Биоревитализация и мезотерапия,Биоревитализация лица,,true,category-medical,,,,
6.2.2,6,Инъекционная косметология,6.2,Биоревитализация и мезотерапия,Биоревитализация шеи,,true,category-medical,,,,
6.2.3,6,Инъекционная косметология,6.2,Биоревитализация и мезотерапия,Биоревитализация декольте,,true,category-medical,,,,
6.2.4,6,Инъекционная косметология,6.2,Биоревитализация и мезотерапия,Биоревитализация рук,,true,category-medical,,,,
6.2.5,6,Инъекционная косметология,6.2,Биоревитализация и мезотерапия,Биоревитализация зоны вокруг глаз,,true,category-medical,,,,
6.2.6,6,Инъекционная косметология,6.2,Биоревитализация и мезотерапия,Биоревитализация лицо + шея,,true,category-medical,,,,
6.2.7,6,Инъекционная косметология,6.2,Биоревитализация и мезотерапия,Биоревитализация лицо + шея + декольте,,true,category-medical,,,,
6.2.8,6,Инъекционная косметология,6.2,Биоревитализация и мезотерапия,Мезотерапия лица,,true,category-medical,,,,
6.2.9,6,Инъекционная косметология,6.2,Биоревитализация и мезотерапия,Мезотерапия кожи головы,,true,category-medical,,,,
6.2.10,6,Инъекционная косметология,6.2,Биоревитализация и мезотерапия,Мезотерапия тела,,true,category-medical,,,,
6.2.11,6,Инъекционная косметология,6.2,Биоревитализация и мезотерапия,Мезотерапия при выпадении волос,,true,category-medical,,,,
6.2.12,6,Инъекционная косметология,6.2,Биоревитализация и мезотерапия,Мезотерапия при целлюлите,,true,category-medical,,,,
6.2.13,6,Инъекционная косметология,6.2,Биоревитализация и мезотерапия,Инъекционное увлажнение кожи,,true,category-medical,,,,
6.2.14,6,Инъекционная косметология,6.2,Биоревитализация и мезотерапия,Skinbooster-процедуры,,true,category-medical,,,,
6.2.15,6,Инъекционная косметология,6.2,Биоревитализация и мезотерапия,Полинуклеотиды,,true,category-medical,,,,
6.2.16,6,Инъекционная косметология,6.2,Биоревитализация и мезотерапия,Коллагеностимуляция,,true,category-medical,,,,
6.2.17,6,Инъекционная косметология,6.2,Биоревитализация и мезотерапия,Ревитализация кожи,,true,category-medical,,,,
6.3.1,6,Инъекционная косметология,6.3,Контурная пластика,Контурная пластика губ,,true,category-medical,,,,
6.3.2,6,Инъекционная косметология,6.3,Контурная пластика,Увеличение губ,,true,category-medical,,,,
6.3.3,6,Инъекционная косметология,6.3,Контурная пластика,Коррекция формы губ,,true,category-medical,,,,
6.3.4,6,Инъекционная косметология,6.3,Контурная пластика,Увлажнение губ,,true,category-medical,,,,
6.3.5,6,Инъекционная косметология,6.3,Контурная пластика,Контурная пластика скул,,true,category-medical,,,,
6.3.6,6,Инъекционная косметология,6.3,Контурная пластика,Контурная пластика подбородка,,true,category-medical,,,,
6.3.7,6,Инъекционная косметология,6.3,Контурная пластика,Контурная пластика нижней челюсти,,true,category-medical,,,,
6.3.8,6,Инъекционная косметология,6.3,Контурная пластика,Контурная пластика носогубных складок,,true,category-medical,,,,
6.3.9,6,Инъекционная косметология,6.3,Контурная пластика,Контурная пластика носослезной борозды,,true,category-medical,,,,
6.3.10,6,Инъекционная косметология,6.3,Контурная пластика,Контурная пластика висков,,true,category-medical,,,,
6.3.11,6,Инъекционная косметология,6.3,Контурная пластика,Контурная пластика углов нижней челюсти,,true,category-medical,,,,
6.3.12,6,Инъекционная косметология,6.3,Контурная пластика,Контурная пластика овала лица,,true,category-medical,,,,
6.3.13,6,Инъекционная косметология,6.3,Контурная пластика,Профилопластика,,true,category-medical,,,,
6.3.14,6,Инъекционная косметология,6.3,Контурная пластика,Коррекция асимметрии лица,,true,category-medical,,,,
6.3.15,6,Инъекционная косметология,6.3,Контурная пластика,Растворение филлера,,true,category-medical,,,,
6.3.16,6,Инъекционная косметология,6.3,Контурная пластика,Удаление филлера гиалуронидазой,,true,category-medical,,,,
6.4.1,6,Инъекционная косметология,6.4,Липолитики и нити,Липолитики подбородка,,true,category-medical,,,,
6.4.2,6,Инъекционная косметология,6.4,Липолитики и нити,Липолитики лица,,true,category-medical,,,,
6.4.3,6,Инъекционная косметология,6.4,Липолитики и нити,Липолитики тела,,true,category-medical,,,,
6.4.4,6,Инъекционная косметология,6.4,Липолитики и нити,Липолитики живота,,true,category-medical,,,,
6.4.5,6,Инъекционная косметология,6.4,Липолитики и нити,Липолитики боков,,true,category-medical,,,,
6.4.6,6,Инъекционная косметология,6.4,Липолитики и нити,Липолитики бедер,,true,category-medical,,,,
6.4.7,6,Инъекционная косметология,6.4,Липолитики и нити,Липолитики рук,,true,category-medical,,,,
6.4.8,6,Инъекционная косметология,6.4,Липолитики и нити,Нитевой лифтинг,,true,category-medical,,,,
6.4.9,6,Инъекционная косметология,6.4,Липолитики и нити,Мезонити,,true,category-medical,,,,
6.4.10,6,Инъекционная косметология,6.4,Липолитики и нити,Коллагеновые нити,,true,category-medical,,,,
6.4.11,6,Инъекционная косметология,6.4,Липолитики и нити,Нити для овала лица,,true,category-medical,,,,
6.4.12,6,Инъекционная косметология,6.4,Липолитики и нити,Нити для шеи,,true,category-medical,,,,
6.4.13,6,Инъекционная косметология,6.4,Липолитики и нити,Нити для бровей,,true,category-medical,,,,
6.4.14,6,Инъекционная косметология,6.4,Липолитики и нити,Нити для средней трети лица,,true,category-medical,,,,
6.5.1,6,Инъекционная косметология,6.5,Плазмотерапия и регенеративные процедуры,Плазмотерапия лица,,true,category-medical,,,,
6.5.2,6,Инъекционная косметология,6.5,Плазмотерапия и регенеративные процедуры,Плазмотерапия кожи головы,,true,category-medical,,,,
6.5.3,6,Инъекционная косметология,6.5,Плазмотерапия и регенеративные процедуры,PRP-терапия,,true,category-medical,,,,
6.5.4,6,Инъекционная косметология,6.5,Плазмотерапия и регенеративные процедуры,Плазмолифтинг,,true,category-medical,,,,
6.5.5,6,Инъекционная косметология,6.5,Плазмотерапия и регенеративные процедуры,Аутоплазмотерапия,,true,category-medical,,,,
6.5.6,6,Инъекционная косметология,6.5,Плазмотерапия и регенеративные процедуры,PRF-терапия,,true,category-medical,,,,
6.5.7,6,Инъекционная косметология,6.5,Плазмотерапия и регенеративные процедуры,Регенеративная терапия кожи,,true,category-medical,,,,
6.5.8,6,Инъекционная косметология,6.5,Плазмотерапия и регенеративные процедуры,Плазмотерапия при выпадении волос,,true,category-medical,,,,
6.5.9,6,Инъекционная косметология,6.5,Плазмотерапия и регенеративные процедуры,Плазмотерапия при постакне,,true,category-medical,,,,
7.1.1,7,"Лазерная эпиляция, депиляция и удаление волос",7.1,Лазерная эпиляция,Лазерная эпиляция верхней губы,,false,,,,,
7.1.2,7,"Лазерная эпиляция, депиляция и удаление волос",7.1,Лазерная эпиляция,Лазерная эпиляция подбородка,,false,,,,,
7.1.3,7,"Лазерная эпиляция, депиляция и удаление волос",7.1,Лазерная эпиляция,Лазерная эпиляция лица,,false,,,,,
7.1.4,7,"Лазерная эпиляция, депиляция и удаление волос",7.1,Лазерная эпиляция,Лазерная эпиляция щек,,false,,,,,
7.1.5,7,"Лазерная эпиляция, депиляция и удаление волос",7.1,Лазерная эпиляция,Лазерная эпиляция шеи,,false,,,,,
7.1.6,7,"Лазерная эпиляция, депиляция и удаление волос",7.1,Лазерная эпиляция,Лазерная эпиляция подмышек,,false,,,,,
7.1.7,7,"Лазерная эпиляция, депиляция и удаление волос",7.1,Лазерная эпиляция,Лазерная эпиляция рук до локтя,,false,,,,,
7.1.8,7,"Лазерная эпиляция, депиляция и удаление волос",7.1,Лазерная эпиляция,Лазерная эпиляция рук полностью,,false,,,,,
7.1.9,7,"Лазерная эпиляция, депиляция и удаление волос",7.1,Лазерная эпиляция,Лазерная эпиляция кистей,,false,,,,,
7.1.10,7,"Лазерная эпиляция, депиляция и удаление волос",7.1,Лазерная эпиляция,Лазерная эпиляция пальцев рук,,false,,,,,
7.1.11,7,"Лазерная эпиляция, депиляция и удаление волос",7.1,Лазерная эпиляция,Лазерная эпиляция груди,,false,,,,,
7.1.12,7,"Лазерная эпиляция, депиляция и удаление волос",7.1,Лазерная эпиляция,Лазерная эпиляция живота,,false,,,,,
7.1.13,7,"Лазерная эпиляция, депиляция и удаление волос",7.1,Лазерная эпиляция,Лазерная эпиляция белой линии живота,,false,,,,,
7.1.14,7,"Лазерная эпиляция, депиляция и удаление волос",7.1,Лазерная эпиляция,Лазерная эпиляция спины,,false,,,,,
7.1.15,7,"Лазерная эпиляция, депиляция и удаление волос",7.1,Лазерная эпиляция,Лазерная эпиляция поясницы,,false,,,,,
7.1.16,7,"Лазерная эпиляция, депиляция и удаление волос",7.1,Лазерная эпиляция,Лазерная эпиляция классического бикини,,false,,,,,
7.1.17,7,"Лазерная эпиляция, депиляция и удаление волос",7.1,Лазерная эпиляция,Лазерная эпиляция глубокого бикини,,false,,,,,
7.1.18,7,"Лазерная эпиляция, депиляция и удаление волос",7.1,Лазерная эпиляция,Лазерная эпиляция межъягодичной зоны,,false,,,,,
7.1.19,7,"Лазерная эпиляция, депиляция и удаление волос",7.1,Лазерная эпиляция,Лазерная эпиляция ягодиц,,false,,,,,
7.1.20,7,"Лазерная эпиляция, депиляция и удаление волос",7.1,Лазерная эпиляция,Лазерная эпиляция бедер,,false,,,,,
7.1.21,7,"Лазерная эпиляция, депиляция и удаление волос",7.1,Лазерная эпиляция,Лазерная эпиляция голеней,,false,,,,,
7.1.22,7,"Лазерная эпиляция, депиляция и удаление волос",7.1,Лазерная эпиляция,Лазерная эпиляция ног полностью,,false,,,,,
7.1.23,7,"Лазерная эпиляция, депиляция и удаление волос",7.1,Лазерная эпиляция,Лазерная эпиляция пальцев ног,,false,,,,,
7.1.24,7,"Лазерная эпиляция, депиляция и удаление волос",7.1,Лазерная эпиляция,Лазерная эпиляция всего тела,,false,,,,,
7.1.25,7,"Лазерная эпиляция, депиляция и удаление волос",7.1,Лазерная эпиляция,Комплекс “подмышки + бикини”,,false,,,,,
7.1.26,7,"Лазерная эпиляция, депиляция и удаление волос",7.1,Лазерная эпиляция,Комплекс “подмышки + голени + бикини”,,false,,,,,
7.1.27,7,"Лазерная эпиляция, депиляция и удаление волос",7.1,Лазерная эпиляция,Комплекс “все тело”,,false,,,,,
7.1.28,7,"Лазерная эпиляция, депиляция и удаление волос",7.1,Лазерная эпиляция,Мужская лазерная эпиляция груди,,false,,,,,
7.1.29,7,"Лазерная эпиляция, депиляция и удаление волос",7.1,Лазерная эпиляция,Мужская лазерная эпиляция спины,,false,,,,,
7.1.30,7,"Лазерная эпиляция, депиляция и удаление волос",7.1,Лазерная эпиляция,Мужская лазерная эпиляция бороды/шеи,,false,,,,,
7.1.31,7,"Лазерная эпиляция, депиляция и удаление волос",7.1,Лазерная эпиляция,Мужская лазерная эпиляция подмышек,,false,,,,,
7.1.32,7,"Лазерная эпиляция, депиляция и удаление волос",7.1,Лазерная эпиляция,Мужская лазерная эпиляция интимных зон,,false,,,,,
7.2.1,7,"Лазерная эпиляция, депиляция и удаление волос",7.2,Восковая депиляция,Восковая депиляция верхней губы,,false,,,,,
7.2.2,7,"Лазерная эпиляция, депиляция и удаление волос",7.2,Восковая депиляция,Восковая депиляция подбородка,,false,,,,,
7.2.3,7,"Лазерная эпиляция, депиляция и удаление волос",7.2,Восковая депиляция,Восковая депиляция лица,,false,,,,,
7.2.4,7,"Лазерная эпиляция, депиляция и удаление волос",7.2,Восковая депиляция,Восковая депиляция подмышек,,false,,,,,
7.2.5,7,"Лазерная эпиляция, депиляция и удаление волос",7.2,Восковая депиляция,Восковая депиляция рук до локтя,,false,,,,,
7.2.6,7,"Лазерная эпиляция, депиляция и удаление волос",7.2,Восковая депиляция,Восковая депиляция рук полностью,,false,,,,,
7.2.7,7,"Лазерная эпиляция, депиляция и удаление волос",7.2,Восковая депиляция,Восковая депиляция живота,,false,,,,,
7.2.8,7,"Лазерная эпиляция, депиляция и удаление волос",7.2,Восковая депиляция,Восковая депиляция спины,,false,,,,,
7.2.9,7,"Лазерная эпиляция, депиляция и удаление волос",7.2,Восковая депиляция,Восковая депиляция классического бикини,,false,,,,,
7.2.10,7,"Лазерная эпиляция, депиляция и удаление волос",7.2,Восковая депиляция,Восковая депиляция глубокого бикини,,false,,,,,
7.2.11,7,"Лазерная эпиляция, депиляция и удаление волос",7.2,Восковая депиляция,Восковая депиляция ягодиц,,false,,,,,
7.2.12,7,"Лазерная эпиляция, депиляция и удаление волос",7.2,Восковая депиляция,Восковая депиляция бедер,,false,,,,,
7.2.13,7,"Лазерная эпиляция, депиляция и удаление волос",7.2,Восковая депиляция,Восковая депиляция голеней,,false,,,,,
7.2.14,7,"Лазерная эпиляция, депиляция и удаление волос",7.2,Восковая депиляция,Восковая депиляция ног полностью,,false,,,,,
7.3.1,7,"Лазерная эпиляция, депиляция и удаление волос",7.3,Шугаринг,Шугаринг верхней губы,,false,,,,,
7.3.2,7,"Лазерная эпиляция, депиляция и удаление волос",7.3,Шугаринг,Шугаринг подбородка,,false,,,,,
7.3.3,7,"Лазерная эпиляция, депиляция и удаление волос",7.3,Шугаринг,Шугаринг лица,,false,,,,,
7.3.4,7,"Лазерная эпиляция, депиляция и удаление волос",7.3,Шугаринг,Шугаринг подмышек,,false,,,,,
7.3.5,7,"Лазерная эпиляция, депиляция и удаление волос",7.3,Шугаринг,Шугаринг рук до локтя,,false,,,,,
7.3.6,7,"Лазерная эпиляция, депиляция и удаление волос",7.3,Шугаринг,Шугаринг рук полностью,,false,,,,,
7.3.7,7,"Лазерная эпиляция, депиляция и удаление волос",7.3,Шугаринг,Шугаринг живота,,false,,,,,
7.3.8,7,"Лазерная эпиляция, депиляция и удаление волос",7.3,Шугаринг,Шугаринг спины,,false,,,,,
7.3.9,7,"Лазерная эпиляция, депиляция и удаление волос",7.3,Шугаринг,Шугаринг классического бикини,,false,,,,,
7.3.10,7,"Лазерная эпиляция, депиляция и удаление волос",7.3,Шугаринг,Шугаринг глубокого бикини,,false,,,,,
7.3.11,7,"Лазерная эпиляция, депиляция и удаление волос",7.3,Шугаринг,Шугаринг ягодиц,,false,,,,,
7.3.12,7,"Лазерная эпиляция, депиляция и удаление волос",7.3,Шугаринг,Шугаринг бедер,,false,,,,,
7.3.13,7,"Лазерная эпиляция, депиляция и удаление волос",7.3,Шугаринг,Шугаринг голеней,,false,,,,,
7.3.14,7,"Лазерная эпиляция, депиляция и удаление волос",7.3,Шугаринг,Шугаринг ног полностью,,false,,,,,
7.4.1,7,"Лазерная эпиляция, депиляция и удаление волос",7.4,Другие методы удаления волос,Электроэпиляция,,false,,,,,
7.4.2,7,"Лазерная эпиляция, депиляция и удаление волос",7.4,Другие методы удаления волос,Электроэпиляция лица,,false,,,,,
7.4.3,7,"Лазерная эпиляция, депиляция и удаление волос",7.4,Другие методы удаления волос,Электроэпиляция подмышек,,false,,,,,
7.4.4,7,"Лазерная эпиляция, депиляция и удаление волос",7.4,Другие методы удаления волос,Электроэпиляция бикини,,false,,,,,
7.4.5,7,"Лазерная эпиляция, депиляция и удаление волос",7.4,Другие методы удаления волос,Тридинг лица,,false,,,,,
7.4.6,7,"Лазерная эпиляция, депиляция и удаление волос",7.4,Другие методы удаления волос,Удаление волос нитью,,false,,,,,
7.4.7,7,"Лазерная эпиляция, депиляция и удаление волос",7.4,Другие методы удаления волос,Удаление волос пинцетом,,false,,,,,
7.4.8,7,"Лазерная эпиляция, депиляция и удаление волос",7.4,Другие методы удаления волос,Энзимная эпиляция,,false,,,,,
7.4.9,7,"Лазерная эпиляция, депиляция и удаление волос",7.4,Другие методы удаления волос,Фотоэпиляция,,false,,,,,
7.4.10,7,"Лазерная эпиляция, депиляция и удаление волос",7.4,Другие методы удаления волос,Мужская депиляция,,false,,,,,
7.4.11,7,"Лазерная эпиляция, депиляция и удаление волос",7.4,Другие методы удаления волос,Комплексная депиляция,,false,,,,,
8.1.1,8,Маникюр и ногтевой сервис,8.1,Маникюр,Классический маникюр,,false,,,,,
8.1.2,8,Маникюр и ногтевой сервис,8.1,Маникюр,Аппаратный маникюр,,false,,,,,
8.1.3,8,Маникюр и ногтевой сервис,8.1,Маникюр,Комбинированный маникюр,,false,,,,,
8.1.4,8,Маникюр и ногтевой сервис,8.1,Маникюр,Европейский маникюр,,false,,,,,
8.1.5,8,Маникюр и ногтевой сервис,8.1,Маникюр,Пилочный маникюр,,false,,,,,
8.1.6,8,Маникюр и ногтевой сервис,8.1,Маникюр,Японский маникюр,,false,,,,,
8.1.7,8,Маникюр и ногтевой сервис,8.1,Маникюр,Бразильский маникюр,,false,,,,,
8.1.8,8,Маникюр и ногтевой сервис,8.1,Маникюр,Горячий маникюр,,false,,,,,
8.1.9,8,Маникюр и ногтевой сервис,8.1,Маникюр,SPA-маникюр,,false,,,,,
8.1.10,8,Маникюр и ногтевой сервис,8.1,Маникюр,Экспресс-маникюр,,false,,,,,
8.1.11,8,Маникюр и ногтевой сервис,8.1,Маникюр,Детский маникюр,,false,,,,,
8.1.12,8,Маникюр и ногтевой сервис,8.1,Маникюр,Мужской маникюр,,false,,,,,
8.1.13,8,Маникюр и ногтевой сервис,8.1,Маникюр,Медицинский маникюр,если есть специалист/лицензия,true,marker,,,,
8.1.14,8,Маникюр и ногтевой сервис,8.1,Маникюр,Маникюр без покрытия,,false,,,,,
8.1.15,8,Маникюр и ногтевой сервис,8.1,Маникюр,Маникюр с покрытием лаком,,false,,,,,
8.1.16,8,Маникюр и ногтевой сервис,8.1,Маникюр,Маникюр с покрытием гель-лак,,false,,,,,
8.1.17,8,Маникюр и ногтевой сервис,8.1,Маникюр,Маникюр с лечебным покрытием,,false,,,,,
8.1.18,8,Маникюр и ногтевой сервис,8.1,Маникюр,Маникюр с укреплением,,false,,,,,
8.1.19,8,Маникюр и ногтевой сервис,8.1,Маникюр,Маникюр в 4 руки,,false,,,,,
8.1.20,8,Маникюр и ногтевой сервис,8.1,Маникюр,Комплекс “снятие + маникюр + покрытие”,,false,,,,,
8.1.21,8,Маникюр и ногтевой сервис,8.1,Маникюр,Комплекс “маникюр + педикюр”,,false,,,,,
8.2.1,8,Маникюр и ногтевой сервис,8.2,Покрытия,Покрытие обычным лаком,,false,,,,,
8.2.2,8,Маникюр и ногтевой сервис,8.2,Покрытия,Покрытие гель-лак,,false,,,,,
8.2.3,8,Маникюр и ногтевой сервис,8.2,Покрытия,Покрытие Luxio,,false,,,,,
8.2.4,8,Маникюр и ногтевой сервис,8.2,Покрытия,Покрытие базой,,false,,,,,
8.2.5,8,Маникюр и ногтевой сервис,8.2,Покрытия,Камуфлирующее покрытие,,false,,,,,
8.2.6,8,Маникюр и ногтевой сервис,8.2,Покрытия,Покрытие френч,,false,,,,,
8.2.7,8,Маникюр и ногтевой сервис,8.2,Покрытия,Цветной френч,,false,,,,,
8.2.8,8,Маникюр и ногтевой сервис,8.2,Покрытия,Лунный френч,,false,,,,,
8.2.9,8,Маникюр и ногтевой сервис,8.2,Покрытия,Матовое покрытие,,false,,,,,
8.2.10,8,Маникюр и ногтевой сервис,8.2,Покрытия,Глянцевое покрытие,,false,,,,,
8.2.11,8,Маникюр и ногтевой сервис,8.2,Покрытия,Лечебное покрытие,,false,,,,,
8.2.12,8,Маникюр и ногтевой сервис,8.2,Покрытия,Выравнивание ногтевой пластины,,false,,,,,
8.2.13,8,Маникюр и ногтевой сервис,8.2,Покрытия,Укрепление базой,,false,,,,,
8.2.14,8,Маникюр и ногтевой сервис,8.2,Покрытия,Укрепление гелем,,false,,,,,
8.2.15,8,Маникюр и ногтевой сервис,8.2,Покрытия,Укрепление акриловой пудрой,,false,,,,,
8.2.16,8,Маникюр и ногтевой сервис,8.2,Покрытия,Укрепление полигелем,,false,,,,,
8.2.17,8,Маникюр и ногтевой сервис,8.2,Покрытия,Ремонт одного ногтя,,false,,,,,
8.2.18,8,Маникюр и ногтевой сервис,8.2,Покрытия,Донаращивание одного ногтя,,false,,,,,
8.2.19,8,Маникюр и ногтевой сервис,8.2,Покрытия,Снятие лака,,false,,,,,
8.2.20,8,Маникюр и ногтевой сервис,8.2,Покрытия,Снятие гель-лака,,false,,,,,
8.2.21,8,Маникюр и ногтевой сервис,8.2,Покрытия,Снятие геля,,false,,,,,
8.2.22,8,Маникюр и ногтевой сервис,8.2,Покрытия,Снятие акрила,,false,,,,,
8.2.23,8,Маникюр и ногтевой сервис,8.2,Покрытия,Снятие наращенных ногтей,,false,,,,,
8.3.1,8,Маникюр и ногтевой сервис,8.3,Наращивание и моделирование ногтей,Наращивание ногтей гелем,,false,,,,,
8.3.2,8,Маникюр и ногтевой сервис,8.3,Наращивание и моделирование ногтей,Наращивание ногтей акрилом,,false,,,,,
8.3.3,8,Маникюр и ногтевой сервис,8.3,Наращивание и моделирование ногтей,Наращивание ногтей полигелем,,false,,,,,
8.3.4,8,Маникюр и ногтевой сервис,8.3,Наращивание и моделирование ногтей,Наращивание на формы,,false,,,,,
8.3.5,8,Маникюр и ногтевой сервис,8.3,Наращивание и моделирование ногтей,Наращивание на типсы,,false,,,,,
8.3.6,8,Маникюр и ногтевой сервис,8.3,Наращивание и моделирование ногтей,Коррекция наращенных ногтей,,false,,,,,
8.3.7,8,Маникюр и ногтевой сервис,8.3,Наращивание и моделирование ногтей,Моделирование ногтей,,false,,,,,
8.3.8,8,Маникюр и ногтевой сервис,8.3,Наращивание и моделирование ногтей,Архитектура ногтей,,false,,,,,
8.3.9,8,Маникюр и ногтевой сервис,8.3,Наращивание и моделирование ногтей,Удлинение ногтевого ложа,,false,,,,,
8.3.10,8,Маникюр и ногтевой сервис,8.3,Наращивание и моделирование ногтей,Наращивание френч,,false,,,,,
8.3.11,8,Маникюр и ногтевой сервис,8.3,Наращивание и моделирование ногтей,Наращивание одного ногтя,,false,,,,,
8.3.12,8,Маникюр и ногтевой сервис,8.3,Наращивание и моделирование ногтей,Ремонт трещины,,false,,,,,
8.3.13,8,Маникюр и ногтевой сервис,8.3,Наращивание и моделирование ногтей,Ремонт скола,,false,,,,,
8.4.1,8,Маникюр и ногтевой сервис,8.4,Дизайн ногтей,Дизайн одного ногтя,,false,,,,,
8.4.2,8,Маникюр и ногтевой сервис,8.4,Дизайн ногтей,Дизайн всех ногтей,,false,,,,,
8.4.3,8,Маникюр и ногтевой сервис,8.4,Дизайн ногтей,Френч,,false,,,,,
8.4.4,8,Маникюр и ногтевой сервис,8.4,Дизайн ногтей,Лунный дизайн,,false,,,,,
8.4.5,8,Маникюр и ногтевой сервис,8.4,Дизайн ногтей,Омбре,,false,,,,,
8.4.6,8,Маникюр и ногтевой сервис,8.4,Дизайн ногтей,Градиент,,false,,,,,
8.4.7,8,Маникюр и ногтевой сервис,8.4,Дизайн ногтей,Стемпинг,,false,,,,,
8.4.8,8,Маникюр и ногтевой сервис,8.4,Дизайн ногтей,Слайдер-дизайн,,false,,,,,
8.4.9,8,Маникюр и ногтевой сервис,8.4,Дизайн ногтей,Фольга,,false,,,,,
8.4.10,8,Маникюр и ногтевой сервис,8.4,Дизайн ногтей,Втирка,,false,,,,,
8.4.11,8,Маникюр и ногтевой сервис,8.4,Дизайн ногтей,Блестки,,false,,,,,
8.4.12,8,Маникюр и ногтевой сервис,8.4,Дизайн ногтей,Стразы,,false,,,,,
8.4.13,8,Маникюр и ногтевой сервис,8.4,Дизайн ногтей,Рисунок вручную,,false,,,,,
8.4.14,8,Маникюр и ногтевой сервис,8.4,Дизайн ногтей,Геометрия,,false,,,,,
8.4.15,8,Маникюр и ногтевой сервис,8.4,Дизайн ногтей,Минималистичный дизайн,,false,,,,,
8.4.16,8,Маникюр и ногтевой сервис,8.4,Дизайн ногтей,Свадебный дизайн,,false,,,,,
8.4.17,8,Маникюр и ногтевой сервис,8.4,Дизайн ногтей,Сезонный дизайн,,false,,,,,
8.4.18,8,Маникюр и ногтевой сервис,8.4,Дизайн ногтей,3D-дизайн,,false,,,,,
8.4.19,8,Маникюр и ногтевой сервис,8.4,Дизайн ногтей,Аквариумный дизайн,,false,,,,,
8.4.20,8,Маникюр и ногтевой сервис,8.4,Дизайн ногтей,Мраморный дизайн,,false,,,,,
8.4.21,8,Маникюр и ногтевой сервис,8.4,Дизайн ногтей,Кошачий глаз,,false,,,,,
8.5.1,8,Маникюр и ногтевой сервис,8.5,Уходы для рук,SPA-уход для рук,,false,,,,,
8.5.2,8,Маникюр и ногтевой сервис,8.5,Уходы для рук,Парафинотерапия рук,,false,,,,,
8.5.3,8,Маникюр и ногтевой сервис,8.5,Уходы для рук,Холодная парафинотерапия рук,,false,,,,,
8.5.4,8,Маникюр и ногтевой сервис,8.5,Уходы для рук,Маска для рук,,false,,,,,
8.5.5,8,Маникюр и ногтевой сервис,8.5,Уходы для рук,Скраб для рук,,false,,,,,
8.5.6,8,Маникюр и ногтевой сервис,8.5,Уходы для рук,Массаж рук,,false,,,,,
8.5.7,8,Маникюр и ногтевой сервис,8.5,Уходы для рук,Уход для кутикулы,,false,,,,,
8.5.8,8,Маникюр и ногтевой сервис,8.5,Уходы для рук,Восстановление ногтей,,false,,,,,
8.5.9,8,Маникюр и ногтевой сервис,8.5,Уходы для рук,Уход после снятия покрытия,,false,,,,,
8.5.10,8,Маникюр и ногтевой сервис,8.5,Уходы для рук,"Лечение/восстановление ломких ногтей, косметический уход",,false,,,,,
9.1.1,9,Педикюр и подология,9.1,Педикюр,Классический педикюр,,false,,,,,
9.1.2,9,Педикюр и подология,9.1,Педикюр,Аппаратный педикюр,,false,,,,,
9.1.3,9,Педикюр и подология,9.1,Педикюр,Комбинированный педикюр,,false,,,,,
9.1.4,9,Педикюр и подология,9.1,Педикюр,Европейский педикюр,,false,,,,,
9.1.5,9,Педикюр и подология,9.1,Педикюр,SMART-педикюр,,false,,,,,
9.1.6,9,Педикюр и подология,9.1,Педикюр,Кислотный педикюр,,false,,,,,
9.1.7,9,Педикюр и подология,9.1,Педикюр,SPA-педикюр,,false,,,,,
9.1.8,9,Педикюр и подология,9.1,Педикюр,Экспресс-педикюр,,false,,,,,
9.1.9,9,Педикюр и подология,9.1,Педикюр,Мужской педикюр,,false,,,,,
9.1.10,9,Педикюр и подология,9.1,Педикюр,Детский педикюр,,false,,,,,
9.1.11,9,Педикюр и подология,9.1,Педикюр,Педикюр без покрытия,,false,,,,,
9.1.12,9,Педикюр и подология,9.1,Педикюр,Педикюр с покрытием лаком,,false,,,,,
9.1.13,9,Педикюр и подология,9.1,Педикюр,Педикюр с покрытием гель-лак,,false,,,,,
9.1.14,9,Педикюр и подология,9.1,Педикюр,Педикюр только пальчики,,false,,,,,
9.1.15,9,Педикюр и подология,9.1,Педикюр,Обработка стоп,,false,,,,,
9.1.16,9,Педикюр и подология,9.1,Педикюр,Обработка пальцев,,false,,,,,
9.1.17,9,Педикюр и подология,9.1,Педикюр,Комплекс “снятие + педикюр + покрытие”,,false,,,,,
9.1.18,9,Педикюр и подология,9.1,Педикюр,Педикюр в 4 руки,,false,,,,,
9.2.1,9,Педикюр и подология,9.2,Подологические услуги,Подологический педикюр,,false,,,,,
9.2.2,9,Педикюр и подология,9.2,Подологические услуги,Медицинский педикюр,если есть специалист/лицензия,true,marker,,,,
9.2.3,9,Педикюр и подология,9.2,Подологические услуги,Обработка мозолей,,false,,,,,
9.2.4,9,Педикюр и подология,9.2,Подологические услуги,Обработка натоптышей,,false,,,,,
9.2.5,9,Педикюр и подология,9.2,Подологические услуги,Обработка трещин на пятках,,false,,,,,
9.2.6,9,Педикюр и подология,9.2,Подологические услуги,Обработка вросшего ногтя,,false,,,,,
9.2.7,9,Педикюр и подология,9.2,Подологические услуги,Установка коррекционной системы,,false,,,,,
9.2.8,9,Педикюр и подология,9.2,Подологические услуги,Титановая нить,,false,,,,,
9.2.9,9,Педикюр и подология,9.2,Подологические услуги,Скоба Фрезера,,false,,,,,
9.2.10,9,Педикюр и подология,9.2,Подологические услуги,Скоба ЗТО,,false,,,,,
9.2.11,9,Педикюр и подология,9.2,Подологические услуги,Тампонада,,false,,,,,
9.2.12,9,Педикюр и подология,9.2,Подологические услуги,Протезирование ногтевой пластины,,false,,,,,
9.2.13,9,Педикюр и подология,9.2,Подологические услуги,Зачистка ногтевой пластины,,false,,,,,
9.2.14,9,Педикюр и подология,9.2,Подологические услуги,"Обработка грибкового ногтя, в рамках компетенции",,false,,,,,
9.2.15,9,Педикюр и подология,9.2,Подологические услуги,Консультация подолога,,false,,,,,
9.2.16,9,Педикюр и подология,9.2,Подологические услуги,Разгрузка стопы,,false,,,,,
9.2.17,9,Педикюр и подология,9.2,Подологические услуги,Подбор домашнего ухода для стоп,,false,,,,,
9.3.1,9,Педикюр и подология,9.3,Уходы для ног,SPA-уход для ног,,false,,,,,
9.3.2,9,Педикюр и подология,9.3,Уходы для ног,Парафинотерапия ног,,false,,,,,
9.3.3,9,Педикюр и подология,9.3,Уходы для ног,Холодная парафинотерапия ног,,false,,,,,
9.3.4,9,Педикюр и подология,9.3,Уходы для ног,Маска для стоп,,false,,,,,
9.3.5,9,Педикюр и подология,9.3,Уходы для ног,Скраб для стоп,,false,,,,,
9.3.6,9,Педикюр и подология,9.3,Уходы для ног,Массаж стоп,,false,,,,,
9.3.7,9,Педикюр и подология,9.3,Уходы для ног,Увлажнение стоп,,false,,,,,
9.3.8,9,Педикюр и подология,9.3,Уходы для ног,Уход для пяток,,false,,,,,
9.3.9,9,Педикюр и подология,9.3,Уходы для ног,Уход после педикюра,,false,,,,,
10.1.1,10,"Волосы: стрижки, окрашивание, уходы, укладки",10.1,Стрижки,Женская стрижка,,false,,,,,
10.1.2,10,"Волосы: стрижки, окрашивание, уходы, укладки",10.1,Стрижки,Мужская стрижка,,false,,,,,
10.1.3,10,"Волосы: стрижки, окрашивание, уходы, укладки",10.1,Стрижки,Детская стрижка,,false,,,,,
10.1.4,10,"Волосы: стрижки, окрашивание, уходы, укладки",10.1,Стрижки,Подростковая стрижка,,false,,,,,
10.1.5,10,"Волосы: стрижки, окрашивание, уходы, укладки",10.1,Стрижки,Стрижка челки,,false,,,,,
10.1.6,10,"Волосы: стрижки, окрашивание, уходы, укладки",10.1,Стрижки,Стрижка кончиков,,false,,,,,
10.1.7,10,"Волосы: стрижки, окрашивание, уходы, укладки",10.1,Стрижки,Стрижка одним срезом,,false,,,,,
10.1.8,10,"Волосы: стрижки, окрашивание, уходы, укладки",10.1,Стрижки,Стрижка каре,,false,,,,,
10.1.9,10,"Волосы: стрижки, окрашивание, уходы, укладки",10.1,Стрижки,Стрижка каскад,,false,,,,,
10.1.10,10,"Волосы: стрижки, окрашивание, уходы, укладки",10.1,Стрижки,Стрижка пикси,,false,,,,,
10.1.11,10,"Волосы: стрижки, окрашивание, уходы, укладки",10.1,Стрижки,Стрижка боб,,false,,,,,
10.1.12,10,"Волосы: стрижки, окрашивание, уходы, укладки",10.1,Стрижки,Модельная стрижка,,false,,,,,
10.1.13,10,"Волосы: стрижки, окрашивание, уходы, укладки",10.1,Стрижки,Креативная стрижка,,false,,,,,
10.1.14,10,"Волосы: стрижки, окрашивание, уходы, укладки",10.1,Стрижки,Стрижка машинкой,,false,,,,,
10.1.15,10,"Волосы: стрижки, окрашивание, уходы, укладки",10.1,Стрижки,Оформление бороды,,false,,,,,
10.1.16,10,"Волосы: стрижки, окрашивание, уходы, укладки",10.1,Стрижки,Оформление усов,,false,,,,,
10.1.17,10,"Волосы: стрижки, окрашивание, уходы, укладки",10.1,Стрижки,Камуфляж седины для мужчин,,false,,,,,
10.1.18,10,"Волосы: стрижки, окрашивание, уходы, укладки",10.1,Стрижки,Мытье головы,,false,,,,,
10.1.19,10,"Волосы: стрижки, окрашивание, уходы, укладки",10.1,Стрижки,Сушка волос,,false,,,,,
10.1.20,10,"Волосы: стрижки, окрашивание, уходы, укладки",10.1,Стрижки,Консультация стилиста,,false,,,,,
10.2.1,10,"Волосы: стрижки, окрашивание, уходы, укладки",10.2,Укладки и прически,Повседневная укладка,,false,,,,,
10.2.2,10,"Волосы: стрижки, окрашивание, уходы, укладки",10.2,Укладки и прически,Укладка на брашинг,,false,,,,,
10.2.3,10,"Волосы: стрижки, окрашивание, уходы, укладки",10.2,Укладки и прически,Укладка феном,,false,,,,,
10.2.4,10,"Волосы: стрижки, окрашивание, уходы, укладки",10.2,Укладки и прически,Укладка утюжком,,false,,,,,
10.2.5,10,"Волосы: стрижки, окрашивание, уходы, укладки",10.2,Укладки и прически,Укладка локоны,,false,,,,,
10.2.6,10,"Волосы: стрижки, окрашивание, уходы, укладки",10.2,Укладки и прически,Голливудская волна,,false,,,,,
10.2.7,10,"Волосы: стрижки, окрашивание, уходы, укладки",10.2,Укладки и прически,Объемная укладка,,false,,,,,
10.2.8,10,"Волосы: стрижки, окрашивание, уходы, укладки",10.2,Укладки и прически,Экспресс-укладка,,false,,,,,
10.2.9,10,"Волосы: стрижки, окрашивание, уходы, укладки",10.2,Укладки и прически,Вечерняя укладка,,false,,,,,
10.2.10,10,"Волосы: стрижки, окрашивание, уходы, укладки",10.2,Укладки и прически,Свадебная прическа,,false,,,,,
10.2.11,10,"Волосы: стрижки, окрашивание, уходы, укладки",10.2,Укладки и прически,Прическа для мероприятия,,false,,,,,
10.2.12,10,"Волосы: стрижки, окрашивание, уходы, укладки",10.2,Укладки и прически,Прическа на выпускной,,false,,,,,
10.2.13,10,"Волосы: стрижки, окрашивание, уходы, укладки",10.2,Укладки и прически,Прическа с плетением,,false,,,,,
10.2.14,10,"Волосы: стрижки, окрашивание, уходы, укладки",10.2,Укладки и прически,Косы,,false,,,,,
10.2.15,10,"Волосы: стрижки, окрашивание, уходы, укладки",10.2,Укладки и прически,Афрокосы,,false,,,,,
10.2.16,10,"Волосы: стрижки, окрашивание, уходы, укладки",10.2,Укладки и прически,Брейды,,false,,,,,
10.2.17,10,"Волосы: стрижки, окрашивание, уходы, укладки",10.2,Укладки и прически,Канекалон,,false,,,,,
10.2.18,10,"Волосы: стрижки, окрашивание, уходы, укладки",10.2,Укладки и прически,Детская прическа,,false,,,,,
10.2.19,10,"Волосы: стрижки, окрашивание, уходы, укладки",10.2,Укладки и прически,Репетиция свадебной прически,,false,,,,,
10.2.20,10,"Волосы: стрижки, окрашивание, уходы, укладки",10.2,Укладки и прически,Выезд стилиста,,false,,,,,
10.3.1,10,"Волосы: стрижки, окрашивание, уходы, укладки",10.3,Окрашивание волос,Окрашивание в один тон,,false,,,,,
10.3.2,10,"Волосы: стрижки, окрашивание, уходы, укладки",10.3,Окрашивание волос,Окрашивание корней,,false,,,,,
10.3.3,10,"Волосы: стрижки, окрашивание, уходы, укладки",10.3,Окрашивание волос,Тонирование волос,,false,,,,,
10.3.4,10,"Волосы: стрижки, окрашивание, уходы, укладки",10.3,Окрашивание волос,Тонирование блонда,,false,,,,,
10.3.5,10,"Волосы: стрижки, окрашивание, уходы, укладки",10.3,Окрашивание волос,Окрашивание седины,,false,,,,,
10.3.6,10,"Волосы: стрижки, окрашивание, уходы, укладки",10.3,Окрашивание волос,Камуфляж седины,,false,,,,,
10.3.7,10,"Волосы: стрижки, окрашивание, уходы, укладки",10.3,Окрашивание волос,Осветление корней,,false,,,,,
10.3.8,10,"Волосы: стрижки, окрашивание, уходы, укладки",10.3,Окрашивание волос,Полное осветление,,false,,,,,
10.3.9,10,"Волосы: стрижки, окрашивание, уходы, укладки",10.3,Окрашивание волос,Обесцвечивание,,false,,,,,
10.3.10,10,"Волосы: стрижки, окрашивание, уходы, укладки",10.3,Окрашивание волос,Декапирование,,false,,,,,
10.3.11,10,"Волосы: стрижки, окрашивание, уходы, укладки",10.3,Окрашивание волос,Смывка цвета,,false,,,,,
10.3.12,10,"Волосы: стрижки, окрашивание, уходы, укладки",10.3,Окрашивание волос,Выход из черного,,false,,,,,
10.3.13,10,"Волосы: стрижки, окрашивание, уходы, укладки",10.3,Окрашивание волос,Выход из темного,,false,,,,,
10.3.14,10,"Волосы: стрижки, окрашивание, уходы, укладки",10.3,Окрашивание волос,Блондирование,,false,,,,,
10.3.15,10,"Волосы: стрижки, окрашивание, уходы, укладки",10.3,Окрашивание волос,AirTouch,,false,,,,,
10.3.16,10,"Волосы: стрижки, окрашивание, уходы, укладки",10.3,Окрашивание волос,Шатуш,,false,,,,,
10.3.17,10,"Волосы: стрижки, окрашивание, уходы, укладки",10.3,Окрашивание волос,Балаяж,,false,,,,,
10.3.18,10,"Волосы: стрижки, окрашивание, уходы, укладки",10.3,Окрашивание волос,Омбре,,false,,,,,
10.3.19,10,"Волосы: стрижки, окрашивание, уходы, укладки",10.3,Окрашивание волос,Сомбре,,false,,,,,
10.3.20,10,"Волосы: стрижки, окрашивание, уходы, укладки",10.3,Окрашивание волос,Мелирование,,false,,,,,
10.3.21,10,"Волосы: стрижки, окрашивание, уходы, укладки",10.3,Окрашивание волос,Калифорнийское мелирование,,false,,,,,
10.3.22,10,"Волосы: стрижки, окрашивание, уходы, укладки",10.3,Окрашивание волос,Венецианское мелирование,,false,,,,,
10.3.23,10,"Волосы: стрижки, окрашивание, уходы, укладки",10.3,Окрашивание волос,Брондирование,,false,,,,,
10.3.24,10,"Волосы: стрижки, окрашивание, уходы, укладки",10.3,Окрашивание волос,Контуринг волос,,false,,,,,
10.3.25,10,"Волосы: стрижки, окрашивание, уходы, укладки",10.3,Окрашивание волос,Сложное окрашивание,,false,,,,,
10.3.26,10,"Волосы: стрижки, окрашивание, уходы, укладки",10.3,Окрашивание волос,Креативное окрашивание,,false,,,,,
10.3.27,10,"Волосы: стрижки, окрашивание, уходы, укладки",10.3,Окрашивание волос,Цветное окрашивание,,false,,,,,
10.3.28,10,"Волосы: стрижки, окрашивание, уходы, укладки",10.3,Окрашивание волос,Скрытое окрашивание,,false,,,,,
10.3.29,10,"Волосы: стрижки, окрашивание, уходы, укладки",10.3,Окрашивание волос,Пиксельное окрашивание,,false,,,,,
10.3.30,10,"Волосы: стрижки, окрашивание, уходы, укладки",10.3,Окрашивание волос,Растяжка цвета,,false,,,,,
10.3.31,10,"Волосы: стрижки, окрашивание, уходы, укладки",10.3,Окрашивание волос,Рельефное окрашивание,,false,,,,,
10.3.32,10,"Волосы: стрижки, окрашивание, уходы, укладки",10.3,Окрашивание волос,Окрашивание total blond,,false,,,,,
10.3.33,10,"Волосы: стрижки, окрашивание, уходы, укладки",10.3,Окрашивание волос,Окрашивание прядей,,false,,,,,
10.3.34,10,"Волосы: стрижки, окрашивание, уходы, укладки",10.3,Окрашивание волос,Окрашивание челки,,false,,,,,
10.3.35,10,"Волосы: стрижки, окрашивание, уходы, укладки",10.3,Окрашивание волос,"Окрашивание бровей у стилиста, если услуга в парикмахерском блоке",,false,,,,,
10.4.1,10,"Волосы: стрижки, окрашивание, уходы, укладки",10.4,Уходы и восстановление волос,Уход для волос,,false,,,,,
10.4.2,10,"Волосы: стрижки, окрашивание, уходы, укладки",10.4,Уходы и восстановление волос,Уход для сухих волос,,false,,,,,
10.4.3,10,"Волосы: стрижки, окрашивание, уходы, укладки",10.4,Уходы и восстановление волос,Уход для поврежденных волос,,false,,,,,
10.4.4,10,"Волосы: стрижки, окрашивание, уходы, укладки",10.4,Уходы и восстановление волос,Уход для окрашенных волос,,false,,,,,
10.4.5,10,"Волосы: стрижки, окрашивание, уходы, укладки",10.4,Уходы и восстановление волос,Уход для блонда,,false,,,,,
10.4.6,10,"Волосы: стрижки, окрашивание, уходы, укладки",10.4,Уходы и восстановление волос,Уход для кожи головы,,false,,,,,
10.4.7,10,"Волосы: стрижки, окрашивание, уходы, укладки",10.4,Уходы и восстановление волос,Пилинг кожи головы,,false,,,,,
10.4.8,10,"Волосы: стрижки, окрашивание, уходы, укладки",10.4,Уходы и восстановление волос,Скраб кожи головы,,false,,,,,
10.4.9,10,"Волосы: стрижки, окрашивание, уходы, укладки",10.4,Уходы и восстановление волос,Маска для волос,,false,,,,,
10.4.10,10,"Волосы: стрижки, окрашивание, уходы, укладки",10.4,Уходы и восстановление волос,Глубокое увлажнение волос,,false,,,,,
10.4.11,10,"Волосы: стрижки, окрашивание, уходы, укладки",10.4,Уходы и восстановление волос,Питание волос,,false,,,,,
10.4.12,10,"Волосы: стрижки, окрашивание, уходы, укладки",10.4,Уходы и восстановление волос,Ботокс для волос,,false,,,,,
10.4.13,10,"Волосы: стрижки, окрашивание, уходы, укладки",10.4,Уходы и восстановление волос,Кератиновое восстановление,,false,,,,,
10.4.14,10,"Волосы: стрижки, окрашивание, уходы, укладки",10.4,Уходы и восстановление волос,Кератиновое выпрямление,,false,,,,,
10.4.15,10,"Волосы: стрижки, окрашивание, уходы, укладки",10.4,Уходы и восстановление волос,Нанопластика волос,,false,,,,,
10.4.16,10,"Волосы: стрижки, окрашивание, уходы, укладки",10.4,Уходы и восстановление волос,Биксипластия,,false,,,,,
10.4.17,10,"Волосы: стрижки, окрашивание, уходы, укладки",10.4,Уходы и восстановление волос,Коллагенирование волос,,false,,,,,
10.4.18,10,"Волосы: стрижки, окрашивание, уходы, укладки",10.4,Уходы и восстановление волос,Счастье для волос,,false,,,,,
10.4.19,10,"Волосы: стрижки, окрашивание, уходы, укладки",10.4,Уходы и восстановление волос,Абсолютное счастье для волос,,false,,,,,
10.4.20,10,"Волосы: стрижки, окрашивание, уходы, укладки",10.4,Уходы и восстановление волос,Холодное восстановление волос,,false,,,,,
10.4.21,10,"Волосы: стрижки, окрашивание, уходы, укладки",10.4,Уходы и восстановление волос,Горячее восстановление волос,,false,,,,,
10.4.22,10,"Волосы: стрижки, окрашивание, уходы, укладки",10.4,Уходы и восстановление волос,Ламинирование волос,,false,,,,,
10.4.23,10,"Волосы: стрижки, окрашивание, уходы, укладки",10.4,Уходы и восстановление волос,Экранирование волос,,false,,,,,
10.4.24,10,"Волосы: стрижки, окрашивание, уходы, укладки",10.4,Уходы и восстановление волос,Глазирование волос,,false,,,,,
10.4.25,10,"Волосы: стрижки, окрашивание, уходы, укладки",10.4,Уходы и восстановление волос,Полировка волос,,false,,,,,
10.4.26,10,"Волосы: стрижки, окрашивание, уходы, укладки",10.4,Уходы и восстановление волос,Запечатывание секущихся концов,,false,,,,,
10.4.27,10,"Волосы: стрижки, окрашивание, уходы, укладки",10.4,Уходы и восстановление волос,SPA-уход для волос,,false,,,,,
10.4.28,10,"Волосы: стрижки, окрашивание, уходы, укладки",10.4,Уходы и восстановление волос,Ампульный уход,,false,,,,,
10.4.29,10,"Волосы: стрижки, окрашивание, уходы, укладки",10.4,Уходы и восстановление волос,Протеиновый уход,,false,,,,,
10.4.30,10,"Волосы: стрижки, окрашивание, уходы, укладки",10.4,Уходы и восстановление волос,Olaplex-уход,,false,,,,,
10.4.31,10,"Волосы: стрижки, окрашивание, уходы, укладки",10.4,Уходы и восстановление волос,K18-уход,,false,,,,,
10.4.32,10,"Волосы: стрижки, окрашивание, уходы, укладки",10.4,Уходы и восстановление волос,Lebel-уход,,false,,,,,
10.4.33,10,"Волосы: стрижки, окрашивание, уходы, укладки",10.4,Уходы и восстановление волос,Davines-уход,,false,,,,,
10.4.34,10,"Волосы: стрижки, окрашивание, уходы, укладки",10.4,Уходы и восстановление волос,Kerastase-уход,,false,,,,,
10.5.1,10,"Волосы: стрижки, окрашивание, уходы, укладки",10.5,Наращивание и густота волос,Консультация по наращиванию волос,,false,,,,,
10.5.2,10,"Волосы: стрижки, окрашивание, уходы, укладки",10.5,Наращивание и густота волос,Капсульное наращивание волос,,false,,,,,
10.5.3,10,"Волосы: стрижки, окрашивание, уходы, укладки",10.5,Наращивание и густота волос,Горячее капсульное наращивание,,false,,,,,
10.5.4,10,"Волосы: стрижки, окрашивание, уходы, укладки",10.5,Наращивание и густота волос,Холодное капсульное наращивание,,false,,,,,
10.5.5,10,"Волосы: стрижки, окрашивание, уходы, укладки",10.5,Наращивание и густота волос,Ленточное наращивание волос,,false,,,,,
10.5.6,10,"Волосы: стрижки, окрашивание, уходы, укладки",10.5,Наращивание и густота волос,Микрокапсульное наращивание,,false,,,,,
10.5.7,10,"Волосы: стрижки, окрашивание, уходы, укладки",10.5,Наращивание и густота волос,Голливудское наращивание,,false,,,,,
10.5.8,10,"Волосы: стрижки, окрашивание, уходы, укладки",10.5,Наращивание и густота волос,Трессовое наращивание,,false,,,,,
10.5.9,10,"Волосы: стрижки, окрашивание, уходы, укладки",10.5,Наращивание и густота волос,Наращивание челки,,false,,,,,
10.5.10,10,"Волосы: стрижки, окрашивание, уходы, укладки",10.5,Наращивание и густота волос,Наращивание височных зон,,false,,,,,
10.5.11,10,"Волосы: стрижки, окрашивание, уходы, укладки",10.5,Наращивание и густота волос,Загущение волос,,false,,,,,
10.5.12,10,"Волосы: стрижки, окрашивание, уходы, укладки",10.5,Наращивание и густота волос,Коррекция наращенных волос,,false,,,,,
10.5.13,10,"Волосы: стрижки, окрашивание, уходы, укладки",10.5,Наращивание и густота волос,Снятие наращенных волос,,false,,,,,
10.5.14,10,"Волосы: стрижки, окрашивание, уходы, укладки",10.5,Наращивание и густота волос,Перекапсуляция волос,,false,,,,,
10.5.15,10,"Волосы: стрижки, окрашивание, уходы, укладки",10.5,Наращивание и густота волос,Распутывание колтунов,,false,,,,,
10.5.16,10,"Волосы: стрижки, окрашивание, уходы, укладки",10.5,Наращивание и густота волос,Подбор волос для наращивания,,false,,,,,
10.5.17,10,"Волосы: стрижки, окрашивание, уходы, укладки",10.5,Наращивание и густота волос,Продажа волос для наращивания,,false,,,,,
10.6.1,10,"Волосы: стрижки, окрашивание, уходы, укладки",10.6,Химические процедуры,Химическая завивка,,false,,,,,
10.6.2,10,"Волосы: стрижки, окрашивание, уходы, укладки",10.6,Химические процедуры,Биозавивка,,false,,,,,
10.6.3,10,"Волосы: стрижки, окрашивание, уходы, укладки",10.6,Химические процедуры,Карвинг,,false,,,,,
10.6.4,10,"Волосы: стрижки, окрашивание, уходы, укладки",10.6,Химические процедуры,Долговременная укладка волос,,false,,,,,
10.6.5,10,"Волосы: стрижки, окрашивание, уходы, укладки",10.6,Химические процедуры,Прикорневой объем,,false,,,,,
10.6.6,10,"Волосы: стрижки, окрашивание, уходы, укладки",10.6,Химические процедуры,Boost Up,,false,,,,,
10.6.7,10,"Волосы: стрижки, окрашивание, уходы, укладки",10.6,Химические процедуры,Флисинг,,false,,,,,
10.6.8,10,"Волосы: стрижки, окрашивание, уходы, укладки",10.6,Химические процедуры,Выпрямление волос,,false,,,,,
10.6.9,10,"Волосы: стрижки, окрашивание, уходы, укладки",10.6,Химические процедуры,Перманентное выпрямление,,false,,,,,
10.6.10,10,"Волосы: стрижки, окрашивание, уходы, укладки",10.6,Химические процедуры,Антихимия,,false,,,,,
11.1.1,11,Брови,11.1,Архитектура и коррекция бровей,Консультация бровиста,,false,,,,,
11.1.2,11,Брови,11.1,Архитектура и коррекция бровей,Архитектура бровей,,false,,,,,
11.1.3,11,Брови,11.1,Архитектура и коррекция бровей,Подбор формы бровей,,false,,,,,
11.1.4,11,Брови,11.1,Архитектура и коррекция бровей,Коррекция бровей пинцетом,,false,,,,,
11.1.5,11,Брови,11.1,Архитектура и коррекция бровей,Коррекция бровей воском,,false,,,,,
11.1.6,11,Брови,11.1,Архитектура и коррекция бровей,Коррекция бровей нитью,,false,,,,,
11.1.7,11,Брови,11.1,Архитектура и коррекция бровей,Коррекция мужских бровей,,false,,,,,
11.1.8,11,Брови,11.1,Архитектура и коррекция бровей,Оформление бровей,,false,,,,,
11.1.9,11,Брови,11.1,Архитектура и коррекция бровей,Прореживание бровей,,false,,,,,
11.1.10,11,Брови,11.1,Архитектура и коррекция бровей,Восстановление формы бровей,,false,,,,,
11.1.11,11,Брови,11.1,Архитектура и коррекция бровей,Удаление лишних волосков,,false,,,,,
11.1.12,11,Брови,11.1,Архитектура и коррекция бровей,Комплекс “форма + окрашивание”,,false,,,,,
11.1.13,11,Брови,11.1,Архитектура и коррекция бровей,Комплекс “форма + окрашивание + уход”,,false,,,,,
11.2.1,11,Брови,11.2,Окрашивание и уход,Окрашивание бровей краской,,false,,,,,
11.2.2,11,Брови,11.2,Окрашивание и уход,Окрашивание бровей хной,,false,,,,,
11.2.3,11,Брови,11.2,Окрашивание и уход,Тонирование бровей,,false,,,,,
11.2.4,11,Брови,11.2,Окрашивание и уход,Осветление бровей,,false,,,,,
11.2.5,11,Брови,11.2,Окрашивание и уход,Обесцвечивание бровей,,false,,,,,
11.2.6,11,Брови,11.2,Окрашивание и уход,Счастье для бровей,,false,,,,,
11.2.7,11,Брови,11.2,Окрашивание и уход,Уход для бровей,,false,,,,,
11.2.8,11,Брови,11.2,Окрашивание и уход,Ботокс для бровей,,false,,,,,
11.2.9,11,Брови,11.2,Окрашивание и уход,Протеиновый уход для бровей,,false,,,,,
11.2.10,11,Брови,11.2,Окрашивание и уход,Восстановление бровей после перещипывания,,false,,,,,
11.2.11,11,Брови,11.2,Окрашивание и уход,Спа-уход для бровей,,false,,,,,
11.3.1,11,Брови,11.3,Ламинирование и долговременная укладка,Ламинирование бровей,,false,,,,,
11.3.2,11,Брови,11.3,Ламинирование и долговременная укладка,Долговременная укладка бровей,,false,,,,,
11.3.3,11,Брови,11.3,Ламинирование и долговременная укладка,Биофиксация бровей,,false,,,,,
11.3.4,11,Брови,11.3,Ламинирование и долговременная укладка,Ламинирование + окрашивание,,false,,,,,
11.3.5,11,Брови,11.3,Ламинирование и долговременная укладка,Ламинирование + коррекция,,false,,,,,
11.3.6,11,Брови,11.3,Ламинирование и долговременная укладка,Ламинирование + коррекция + окрашивание,,false,,,,,
11.3.7,11,Брови,11.3,Ламинирование и долговременная укладка,Мужское ламинирование бровей,,false,,,,,
12.1.1,12,Ресницы,12.1,Наращивание ресниц,Классическое наращивание ресниц,,false,,,,,
12.1.2,12,Ресницы,12.1,Наращивание ресниц,Наращивание 1D,,false,,,,,
12.1.3,12,Ресницы,12.1,Наращивание ресниц,Наращивание 1.5D,,false,,,,,
12.1.4,12,Ресницы,12.1,Наращивание ресниц,Наращивание 2D,,false,,,,,
12.1.5,12,Ресницы,12.1,Наращивание ресниц,Наращивание 3D,,false,,,,,
12.1.6,12,Ресницы,12.1,Наращивание ресниц,Наращивание 4D,,false,,,,,
12.1.7,12,Ресницы,12.1,Наращивание ресниц,Наращивание 5D,,false,,,,,
12.1.8,12,Ресницы,12.1,Наращивание ресниц,Голливудский объем,,false,,,,,
12.1.9,12,Ресницы,12.1,Наращивание ресниц,Неполное наращивание,,false,,,,,
12.1.10,12,Ресницы,12.1,Наращивание ресниц,Уголки ресниц,,false,,,,,
12.1.11,12,Ресницы,12.1,Наращивание ресниц,Мокрый эффект,,false,,,,,
12.1.12,12,Ресницы,12.1,Наращивание ресниц,Лучики,,false,,,,,
12.1.13,12,Ресницы,12.1,Наращивание ресниц,Ким-эффект,,false,,,,,
12.1.14,12,Ресницы,12.1,Наращивание ресниц,Лисий эффект,,false,,,,,
12.1.15,12,Ресницы,12.1,Наращивание ресниц,Беличий эффект,,false,,,,,
12.1.16,12,Ресницы,12.1,Наращивание ресниц,Кукольный эффект,,false,,,,,
12.1.17,12,Ресницы,12.1,Наращивание ресниц,Натуральный эффект,,false,,,,,
12.1.18,12,Ресницы,12.1,Наращивание ресниц,Цветные ресницы,,false,,,,,
12.1.19,12,Ресницы,12.1,Наращивание ресниц,Коричневые ресницы,,false,,,,,
12.1.20,12,Ресницы,12.1,Наращивание ресниц,Декор ресниц,,false,,,,,
12.1.21,12,Ресницы,12.1,Наращивание ресниц,Стразы на ресницы,,false,,,,,
12.1.22,12,Ресницы,12.1,Наращивание ресниц,Коррекция наращенных ресниц,,false,,,,,
12.1.23,12,Ресницы,12.1,Наращивание ресниц,Снятие наращенных ресниц,,false,,,,,
12.1.24,12,Ресницы,12.1,Наращивание ресниц,Перенаращивание ресниц,,false,,,,,
12.2.1,12,Ресницы,12.2,Ламинирование и окрашивание ресниц,Ламинирование ресниц,,false,,,,,
12.2.2,12,Ресницы,12.2,Ламинирование и окрашивание ресниц,Биозавивка ресниц,,false,,,,,
12.2.3,12,Ресницы,12.2,Ламинирование и окрашивание ресниц,Долговременная завивка ресниц,,false,,,,,
12.2.4,12,Ресницы,12.2,Ламинирование и окрашивание ресниц,Окрашивание ресниц краской,,false,,,,,
12.2.5,12,Ресницы,12.2,Ламинирование и окрашивание ресниц,Ботокс для ресниц,,false,,,,,
12.2.6,12,Ресницы,12.2,Ламинирование и окрашивание ресниц,Счастье для ресниц,,false,,,,,
12.2.7,12,Ресницы,12.2,Ламинирование и окрашивание ресниц,Протеиновое восстановление ресниц,,false,,,,,
12.2.8,12,Ресницы,12.2,Ламинирование и окрашивание ресниц,Ламинирование + окрашивание,,false,,,,,
12.2.9,12,Ресницы,12.2,Ламинирование и окрашивание ресниц,Ламинирование + ботокс,,false,,,,,
12.2.10,12,Ресницы,12.2,Ламинирование и окрашивание ресниц,Уход для ресниц,,false,,,,,
12.2.11,12,Ресницы,12.2,Ламинирование и окрашивание ресниц,Восстановление ресниц после наращивания,,false,,,,,
13.1.1,13,Макияж и визаж,13.1,Макияж,Дневной макияж,,false,,,,,
13.1.2,13,Макияж и визаж,13.1,Макияж,Вечерний макияж,,false,,,,,
13.1.3,13,Макияж и визаж,13.1,Макияж,Свадебный макияж,,false,,,,,
13.1.4,13,Макияж и визаж,13.1,Макияж,Пробный свадебный макияж,,false,,,,,
13.1.5,13,Макияж и визаж,13.1,Макияж,Макияж для фотосессии,,false,,,,,
13.1.6,13,Макияж и визаж,13.1,Макияж,Макияж для видеосъемки,,false,,,,,
13.1.7,13,Макияж и визаж,13.1,Макияж,Макияж для выпускного,,false,,,,,
13.1.8,13,Макияж и визаж,13.1,Макияж,Макияж для корпоратива,,false,,,,,
13.1.9,13,Макияж и визаж,13.1,Макияж,Макияж для свидания,,false,,,,,
13.1.10,13,Макияж и визаж,13.1,Макияж,Макияж для особого случая,,false,,,,,
13.1.11,13,Макияж и визаж,13.1,Макияж,Экспресс-макияж,,false,,,,,
13.1.12,13,Макияж и визаж,13.1,Макияж,Nude-макияж,,false,,,,,
13.1.13,13,Макияж и визаж,13.1,Макияж,Smoky eyes,,false,,,,,
13.1.14,13,Макияж и визаж,13.1,Макияж,Лифтинг-макияж,,false,,,,,
13.1.15,13,Макияж и визаж,13.1,Макияж,Возрастной макияж,,false,,,,,
13.1.16,13,Макияж и визаж,13.1,Макияж,Мужской макияж,,false,,,,,
13.1.17,13,Макияж и визаж,13.1,Макияж,Детский макияж,,false,,,,,
13.1.18,13,Макияж и визаж,13.1,Макияж,Креативный макияж,,false,,,,,
13.1.19,13,Макияж и визаж,13.1,Макияж,Арт-макияж,,false,,,,,
13.1.20,13,Макияж и визаж,13.1,Макияж,Подиумный макияж,,false,,,,,
13.1.21,13,Макияж и визаж,13.1,Макияж,Макияж невесты,,false,,,,,
13.1.22,13,Макияж и визаж,13.1,Макияж,Макияж для мамы невесты,,false,,,,,
13.1.23,13,Макияж и визаж,13.1,Макияж,Макияж + укладка,,false,,,,,
13.1.24,13,Макияж и визаж,13.1,Макияж,Макияж + прическа,,false,,,,,
13.1.25,13,Макияж и визаж,13.1,Макияж,Выездной макияж,,false,,,,,
13.2.1,13,Макияж и визаж,13.2,Обучение и подбор образа,Урок макияжа для себя,,false,,,,,
13.2.2,13,Макияж и визаж,13.2,Обучение и подбор образа,Индивидуальный урок макияжа,,false,,,,,
13.2.3,13,Макияж и визаж,13.2,Обучение и подбор образа,Разбор косметички,,false,,,,,
13.2.4,13,Макияж и визаж,13.2,Обучение и подбор образа,Подбор косметики,,false,,,,,
13.2.5,13,Макияж и визаж,13.2,Обучение и подбор образа,Подбор тона,,false,,,,,
13.2.6,13,Макияж и визаж,13.2,Обучение и подбор образа,Подбор макияжа под мероприятие,,false,,,,,
13.2.7,13,Макияж и визаж,13.2,Обучение и подбор образа,Консультация визажиста,,false,,,,,
13.2.8,13,Макияж и визаж,13.2,Обучение и подбор образа,Обучение дневному макияжу,,false,,,,,
13.2.9,13,Макияж и визаж,13.2,Обучение и подбор образа,Обучение вечернему макияжу,,false,,,,,
13.2.10,13,Макияж и визаж,13.2,Обучение и подбор образа,Обучение возрастному макияжу,,false,,,,,
13.2.11,13,Макияж и визаж,13.2,Обучение и подбор образа,Обучение макияжу для фото,,false,,,,,
13.2.12,13,Макияж и визаж,13.2,Обучение и подбор образа,Создание beauty-образа,,false,,,,,
13.2.13,13,Макияж и визаж,13.2,Обучение и подбор образа,Полный образ “макияж + волосы”,,false,,,,,
13.3.1,13,Макияж и визаж,13.3,Дополнительные услуги,Накладные ресницы,,false,,,,,
13.3.2,13,Макияж и визаж,13.3,Дополнительные услуги,Пучки ресниц,,false,,,,,
13.3.3,13,Макияж и визаж,13.3,Дополнительные услуги,Подклейка ресниц,,false,,,,,
13.3.4,13,Макияж и визаж,13.3,Дополнительные услуги,Снятие макияжа,,false,,,,,
13.3.5,13,Макияж и визаж,13.3,Дополнительные услуги,Подготовка кожи к макияжу,,false,,,,,
13.3.6,13,Макияж и визаж,13.3,Дополнительные услуги,Экспресс-уход перед макияжем,,false,,,,,
13.3.7,13,Макияж и визаж,13.3,Дополнительные услуги,Фиксация макияжа,,false,,,,,
13.3.8,13,Макияж и визаж,13.3,Дополнительные услуги,Макияж в 4 руки с укладкой,,false,,,,,
14.1.1,14,Перманентный макияж и татуаж,14.1,Перманент бровей,Перманентный макияж бровей,,false,,,,,
14.1.2,14,Перманентный макияж и татуаж,14.1,Перманент бровей,Пудровые брови,,false,,,,,
14.1.3,14,Перманентный макияж и татуаж,14.1,Перманент бровей,Теневая растушевка бровей,,false,,,,,
14.1.4,14,Перманентный макияж и татуаж,14.1,Перманент бровей,Волосковая техника бровей,,false,,,,,
14.1.5,14,Перманентный макияж и татуаж,14.1,Перманент бровей,Комбинированная техника бровей,,false,,,,,
14.1.6,14,Перманентный макияж и татуаж,14.1,Перманент бровей,Микроблейдинг бровей,,false,,,,,
14.1.7,14,Перманентный макияж и татуаж,14.1,Перманент бровей,Коррекция перманента бровей,,false,,,,,
14.1.8,14,Перманентный макияж и татуаж,14.1,Перманент бровей,Обновление перманента бровей,,false,,,,,
14.1.9,14,Перманентный макияж и татуаж,14.1,Перманент бровей,Перекрытие старого перманента бровей,,false,,,,,
14.1.10,14,Перманентный макияж и татуаж,14.1,Перманент бровей,Удаление перманента бровей лазером,,false,,,,,
14.1.11,14,Перманентный макияж и татуаж,14.1,Перманент бровей,Удаление перманента бровей ремувером,,false,,,,,
14.2.1,14,Перманентный макияж и татуаж,14.2,Перманент губ,Перманентный макияж губ,,false,,,,,
14.2.2,14,Перманентный макияж и татуаж,14.2,Перманент губ,Акварельные губы,,false,,,,,
14.2.3,14,Перманентный макияж и татуаж,14.2,Перманент губ,Контур губ,,false,,,,,
14.2.4,14,Перманентный макияж и татуаж,14.2,Перманент губ,Контур с растушевкой,,false,,,,,
14.2.5,14,Перманентный макияж и татуаж,14.2,Перманент губ,Полное заполнение губ,,false,,,,,
14.2.6,14,Перманентный макияж и татуаж,14.2,Перманент губ,Эффект помады,,false,,,,,
14.2.7,14,Перманентный макияж и татуаж,14.2,Перманент губ,Нюдовый перманент губ,,false,,,,,
14.2.8,14,Перманентный макияж и татуаж,14.2,Перманент губ,Коррекция перманента губ,,false,,,,,
14.2.9,14,Перманентный макияж и татуаж,14.2,Перманент губ,Обновление перманента губ,,false,,,,,
14.2.10,14,Перманентный макияж и татуаж,14.2,Перманент губ,Перекрытие старого перманента губ,,false,,,,,
14.2.11,14,Перманентный макияж и татуаж,14.2,Перманент губ,Удаление перманента губ,,false,,,,,
14.3.1,14,Перманентный макияж и татуаж,14.3,Перманент век,Перманентный макияж век,,false,,,,,
14.3.2,14,Перманентный макияж и татуаж,14.3,Перманент век,Межресничка,,false,,,,,
14.3.3,14,Перманентный макияж и татуаж,14.3,Перманент век,Межресничное пространство,,false,,,,,
14.3.4,14,Перманентный макияж и татуаж,14.3,Перманент век,Стрелка,,false,,,,,
14.3.5,14,Перманентный макияж и татуаж,14.3,Перманент век,Стрелка с растушевкой,,false,,,,,
14.3.6,14,Перманентный макияж и татуаж,14.3,Перманент век,Теневая стрелка,,false,,,,,
14.3.7,14,Перманентный макияж и татуаж,14.3,Перманент век,Нижнее веко,,false,,,,,
14.3.8,14,Перманентный макияж и татуаж,14.3,Перманент век,Коррекция перманента век,,false,,,,,
14.3.9,14,Перманентный макияж и татуаж,14.3,Перманент век,Обновление перманента век,,false,,,,,
14.3.10,14,Перманентный макияж и татуаж,14.3,Перманент век,Удаление перманента век,,false,,,,,
14.4.1,14,Перманентный макияж и татуаж,14.4,Камуфляж и реконструктивные техники,Камуфляж рубцов,,false,,,,,
14.4.2,14,Перманентный макияж и татуаж,14.4,Камуфляж и реконструктивные техники,Камуфляж растяжек,,false,,,,,
14.4.3,14,Перманентный макияж и татуаж,14.4,Камуфляж и реконструктивные техники,Камуфляж ареолы,,false,,,,,
14.4.4,14,Перманентный макияж и татуаж,14.4,Камуфляж и реконструктивные техники,Реконструкция ареолы,,false,,,,,
14.4.5,14,Перманентный макияж и татуаж,14.4,Камуфляж и реконструктивные техники,Трихопигментация кожи головы,,false,,,,,
14.4.6,14,Перманентный макияж и татуаж,14.4,Камуфляж и реконструктивные техники,Камуфляж шрамов,,false,,,,,
14.4.7,14,Перманентный макияж и татуаж,14.4,Камуфляж и реконструктивные техники,Камуфляж депигментации,,false,,,,,
14.4.8,14,Перманентный макияж и татуаж,14.4,Камуфляж и реконструктивные техники,Эстетическая дермопигментация,,false,,,,,
15.1.1,15,"Тату, пирсинг и удаление",15.1,Татуировки,Мини-тату,,false,,,,,
15.1.2,15,"Тату, пирсинг и удаление",15.1,Татуировки,Художественная татуировка,,false,,,,,
15.1.3,15,"Тату, пирсинг и удаление",15.1,Татуировки,Черно-белая татуировка,,false,,,,,
15.1.4,15,"Тату, пирсинг и удаление",15.1,Татуировки,Цветная татуировка,,false,,,,,
15.1.5,15,"Тату, пирсинг и удаление",15.1,Татуировки,Fine line тату,,false,,,,,
15.1.6,15,"Тату, пирсинг и удаление",15.1,Татуировки,Надпись,,false,,,,,
15.1.7,15,"Тату, пирсинг и удаление",15.1,Татуировки,Символ,,false,,,,,
15.1.8,15,"Тату, пирсинг и удаление",15.1,Татуировки,Парная татуировка,,false,,,,,
15.1.9,15,"Тату, пирсинг и удаление",15.1,Татуировки,Индивидуальный эскиз,,false,,,,,
15.1.10,15,"Тату, пирсинг и удаление",15.1,Татуировки,Перекрытие старой татуировки,,false,,,,,
15.1.11,15,"Тату, пирсинг и удаление",15.1,Татуировки,Коррекция татуировки,,false,,,,,
15.1.12,15,"Тату, пирсинг и удаление",15.1,Татуировки,Обновление татуировки,,false,,,,,
15.2.1,15,"Тату, пирсинг и удаление",15.2,Удаление,Лазерное удаление татуировки,,false,,,,,
15.2.2,15,"Тату, пирсинг и удаление",15.2,Удаление,Удаление татуажа лазером,,true,marker,,,,
15.2.3,15,"Тату, пирсинг и удаление",15.2,Удаление,Удаление перманента ремувером,,false,,,,,
15.2.4,15,"Тату, пирсинг и удаление",15.2,Удаление,Осветление татуировки перед перекрытием,,false,,,,,
15.2.5,15,"Тату, пирсинг и удаление",15.2,Удаление,Консультация по удалению тату,,false,,,,,
15.3.1,15,"Тату, пирсинг и удаление",15.3,Пирсинг,Прокол ушей,,false,,,,,
15.3.2,15,"Тату, пирсинг и удаление",15.3,Пирсинг,Прокол мочки уха,,false,,,,,
15.3.3,15,"Тату, пирсинг и удаление",15.3,Пирсинг,Прокол хряща,,false,,,,,
15.3.4,15,"Тату, пирсинг и удаление",15.3,Пирсинг,Пирсинг носа,,false,,,,,
15.3.5,15,"Тату, пирсинг и удаление",15.3,Пирсинг,Пирсинг брови,,false,,,,,
15.3.6,15,"Тату, пирсинг и удаление",15.3,Пирсинг,Пирсинг губы,,false,,,,,
15.3.7,15,"Тату, пирсинг и удаление",15.3,Пирсинг,Пирсинг пупка,,false,,,,,
15.3.8,15,"Тату, пирсинг и удаление",15.3,Пирсинг,"Интимный пирсинг, при наличии условий",,false,,,,,
15.3.9,15,"Тату, пирсинг и удаление",15.3,Пирсинг,Замена украшения,,false,,,,,
15.3.10,15,"Тату, пирсинг и удаление",15.3,Пирсинг,Обработка прокола,,false,,,,,
15.3.11,15,"Тату, пирсинг и удаление",15.3,Пирсинг,Консультация по уходу за пирсингом,,false,,,,,
16.0.1,16,Солярий и загар,,,Солярий вертикальный,,false,,,,,
16.0.2,16,Солярий и загар,,,Солярий горизонтальный,,false,,,,,
16.0.3,16,Солярий и загар,,,Абонемент в солярий,,false,,,,,
16.0.4,16,Солярий и загар,,,Моментальный загар,,false,,,,,
16.0.5,16,Солярий и загар,,,Тростниковый загар,,false,,,,,
16.0.6,16,Солярий и загар,,,Автозагар,,false,,,,,
16.0.7,16,Солярий и загар,,,Нанесение автозагара,,false,,,,,
16.0.8,16,Солярий и загар,,,Подготовка кожи к загару,,false,,,,,
16.0.9,16,Солярий и загар,,,Скраб перед загаром,,false,,,,,
16.0.10,16,Солярий и загар,,,Уход после загара,,false,,,,,
16.0.11,16,Солярий и загар,,,Консультация по безопасному загару,,false,,,,,
17.1.1,17,Мужские услуги,17.1,Мужской уход,Мужская стрижка,,false,,,,,
17.1.2,17,Мужские услуги,17.1,Мужской уход,Мужская укладка,,false,,,,,
17.1.3,17,Мужские услуги,17.1,Мужской уход,Оформление бороды,,false,,,,,
17.1.4,17,Мужские услуги,17.1,Мужской уход,Оформление усов,,false,,,,,
17.1.5,17,Мужские услуги,17.1,Мужской уход,Камуфляж седины,,false,,,,,
17.1.6,17,Мужские услуги,17.1,Мужской уход,Мужской маникюр,,false,,,,,
17.1.7,17,Мужские услуги,17.1,Мужской уход,Мужской педикюр,,false,,,,,
17.1.8,17,Мужские услуги,17.1,Мужской уход,Мужская коррекция бровей,,false,,,,,
17.1.9,17,Мужские услуги,17.1,Мужской уход,Мужское окрашивание бровей,,false,,,,,
17.1.10,17,Мужские услуги,17.1,Мужской уход,Мужской уход за лицом,,false,,,,,
17.1.11,17,Мужские услуги,17.1,Мужской уход,Мужская чистка лица,,false,,,,,
17.1.12,17,Мужские услуги,17.1,Мужской уход,Мужской массаж,,false,,,,,
17.1.13,17,Мужские услуги,17.1,Мужской уход,Спортивный массаж для мужчин,,false,,,,,
17.1.14,17,Мужские услуги,17.1,Мужской уход,Массаж спины для мужчин,,false,,,,,
17.1.15,17,Мужские услуги,17.1,Мужской уход,Мужская депиляция,,false,,,,,
17.1.16,17,Мужские услуги,17.1,Мужской уход,Мужская лазерная эпиляция,,false,,,,,
17.1.17,17,Мужские услуги,17.1,Мужской уход,Мужская косметология,,false,,,,,
17.1.18,17,Мужские услуги,17.1,Мужской уход,Мужской SPA-уход,,false,,,,,
18.0.1,18,Детские и подростковые услуги,,,Детская стрижка,,false,,,,,
18.0.2,18,Детские и подростковые услуги,,,Детская укладка,,false,,,,,
18.0.3,18,Детские и подростковые услуги,,,Детская прическа,,false,,,,,
18.0.4,18,Детские и подростковые услуги,,,Детский маникюр,,false,,,,,
18.0.5,18,Детские и подростковые услуги,,,Детский педикюр,,false,,,,,
18.0.6,18,Детские и подростковые услуги,,,Детский массаж,,false,,,,,
18.0.7,18,Детские и подростковые услуги,,,Подростковая чистка лица,,false,,,,,
18.0.8,18,Детские и подростковые услуги,,,Подростковый уход за кожей,,false,,,,,
18.0.9,18,Детские и подростковые услуги,,,Подростковая коррекция бровей,,false,,,,,
18.0.10,18,Детские и подростковые услуги,,,Макияж для выпускного,,false,,,,,
18.0.11,18,Детские и подростковые услуги,,,Прическа для выпускного,,false,,,,,
18.0.12,18,Детские и подростковые услуги,,,Консультация по уходу за подростковой кожей,,false,,,,,
18.0.13,18,Детские и подростковые услуги,,,Консультация по акне для подростков,,false,,,,,
19.0.1,19,Медико-эстетические и смежные услуги,,,Консультация дерматолога,,true,category-medical,,,,
19.0.2,19,Медико-эстетические и смежные услуги,,,Консультация трихолога,,true,category-medical,,,,
19.0.3,19,Медико-эстетические и смежные услуги,,,Консультация врача-косметолога,,true,marker,,,,
19.0.4,19,Медико-эстетические и смежные услуги,,,Дерматоскопия,,true,category-medical,,,,
19.0.5,19,Медико-эстетические и смежные услуги,,,Удаление новообразований,только медицинский профиль,true,marker,,,,
19.0.6,19,Медико-эстетические и смежные услуги,,,Лазерное удаление сосудов,,true,category-medical,,,,
19.0.7,19,Медико-эстетические и смежные услуги,,,Лазерное удаление пигментации,,true,category-medical,,,,
19.0.8,19,Медико-эстетические и смежные услуги,,,Лечение акне,,true,category-medical,,,,
19.0.9,19,Медико-эстетические и смежные услуги,,,Лечение розацеа,,true,category-medical,,,,
19.0.10,19,Медико-эстетические и смежные услуги,,,Лечение гипергидроза,,true,category-medical,,,,
19.0.11,19,Медико-эстетические и смежные услуги,,,Трихология,,true,category-medical,,,,
19.0.12,19,Медико-эстетические и смежные услуги,,,Плазмотерапия кожи головы,,true,category-medical,,,,
19.0.13,19,Медико-эстетические и смежные услуги,,,Мезотерапия кожи головы,,true,category-medical,,,,
19.0.14,19,Медико-эстетические и смежные услуги,,,Лечение выпадения волос,,true,category-medical,,,,
19.0.15,19,Медико-эстетические и смежные услуги,,,Подбор лечебного ухода для кожи головы,,true,category-medical,,,,
19.0.16,19,Медико-эстетические и смежные услуги,,,Подологический прием,,true,category-medical,,,,
19.0.17,19,Медико-эстетические и смежные услуги,,,Работа с вросшим ногтем,,true,category-medical,,,,
19.0.18,19,Медико-эстетические и смежные услуги,,,Обработка диабетической стопы,только медицинский профиль,true,marker,,,,
19.0.19,19,Медико-эстетические и смежные услуги,,,Реабилитационные массажные программы,,true,category-medical,,,,
19.0.20,19,Медико-эстетические и смежные услуги,,,Постоперационный лимфодренаж,только при разрешении врача,true,marker,,,,
20.1.1,20,Комплексные программы и пакеты,20.1,Комплексы для тела,Антицеллюлитная программа,,false,,,,,
20.1.2,20,Комплексные программы и пакеты,20.1,Комплексы для тела,Лимфодренажная программа,,false,,,,,
20.1.3,20,Комплексные программы и пакеты,20.1,Комплексы для тела,Программа коррекции фигуры,,false,,,,,
20.1.4,20,Комплексные программы и пакеты,20.1,Комплексы для тела,Программа “минус объемы”,,false,,,,,
20.1.5,20,Комплексные программы и пакеты,20.1,Комплексы для тела,Программа “легкие ноги”,,false,,,,,
20.1.6,20,Комплексные программы и пакеты,20.1,Комплексы для тела,Программа “плоский живот”,,false,,,,,
20.1.7,20,Комплексные программы и пакеты,20.1,Комплексы для тела,Программа “упругие ягодицы”,,false,,,,,
20.1.8,20,Комплексные программы и пакеты,20.1,Комплексы для тела,Программа восстановления после родов,,false,,,,,
20.1.9,20,Комплексные программы и пакеты,20.1,Комплексы для тела,Программа подготовки к отпуску,,false,,,,,
20.1.10,20,Комплексные программы и пакеты,20.1,Комплексы для тела,Программа восстановления после отпуска,,false,,,,,
20.1.11,20,Комплексные программы и пакеты,20.1,Комплексы для тела,Массаж + VelaShape,,false,,,,,
20.1.12,20,Комплексные программы и пакеты,20.1,Комплексы для тела,Массаж + прессотерапия,,false,,,,,
20.1.13,20,Комплексные программы и пакеты,20.1,Комплексы для тела,Массаж + обертывание,,false,,,,,
20.1.14,20,Комплексные программы и пакеты,20.1,Комплексы для тела,Кавитация + RF + прессотерапия,,false,,,,,
20.1.15,20,Комплексные программы и пакеты,20.1,Комплексы для тела,LPG + обертывание,,false,,,,,
20.1.16,20,Комплексные программы и пакеты,20.1,Комплексы для тела,LPG + массаж,,false,,,,,
20.1.17,20,Комплексные программы и пакеты,20.1,Комплексы для тела,SPA-комплекс для тела,,false,,,,,
20.2.1,20,Комплексные программы и пакеты,20.2,Комплексы для лица,Чистка + уход,,false,,,,,
20.2.2,20,Комплексные программы и пакеты,20.2,Комплексы для лица,Чистка + пилинг,,false,,,,,
20.2.3,20,Комплексные программы и пакеты,20.2,Комплексы для лица,Чистка + карбокситерапия,,false,,,,,
20.2.4,20,Комплексные программы и пакеты,20.2,Комплексы для лица,Чистка + LED-терапия,,false,,,,,
20.2.5,20,Комплексные программы и пакеты,20.2,Комплексы для лица,Пилинг + уход,,false,,,,,
20.2.6,20,Комплексные программы и пакеты,20.2,Комплексы для лица,Карбокситерапия + маска,,false,,,,,
20.2.7,20,Комплексные программы и пакеты,20.2,Комплексы для лица,Массаж лица + уход,,false,,,,,
20.2.8,20,Комплексные программы и пакеты,20.2,Комплексы для лица,Массаж лица + альгинатная маска,,false,,,,,
20.2.9,20,Комплексные программы и пакеты,20.2,Комплексы для лица,RF-лифтинг + уход,,false,,,,,
20.2.10,20,Комплексные программы и пакеты,20.2,Комплексы для лица,Микротоки + маска,,false,,,,,
20.2.11,20,Комплексные программы и пакеты,20.2,Комплексы для лица,Hydrafacial + уход,,false,,,,,
20.2.12,20,Комплексные программы и пакеты,20.2,Комплексы для лица,Anti-age программа,,false,,,,,
20.2.13,20,Комплексные программы и пакеты,20.2,Комплексы для лица,Программа “сияние кожи”,,false,,,,,
20.2.14,20,Комплексные программы и пакеты,20.2,Комплексы для лица,Программа “лифтинг без инъекций”,,false,,,,,
20.2.15,20,Комплексные программы и пакеты,20.2,Комплексы для лица,Программа “восстановление после стресса”,,false,,,,,
20.2.16,20,Комплексные программы и пакеты,20.2,Комплексы для лица,Программа “чистая кожа”,,false,,,,,
20.2.17,20,Комплексные программы и пакеты,20.2,Комплексы для лица,Программа “анти-акне”,,false,,,,,
20.2.18,20,Комплексные программы и пакеты,20.2,Комплексы для лица,Программа “антипигментация”,,false,,,,,
20.3.1,20,Комплексные программы и пакеты,20.3,Комплексы красоты,Маникюр + педикюр,,false,,,,,
20.3.2,20,Комплексные программы и пакеты,20.3,Комплексы красоты,Маникюр + брови,,false,,,,,
20.3.3,20,Комплексные программы и пакеты,20.3,Комплексы красоты,Маникюр + ресницы,,false,,,,,
20.3.4,20,Комплексные программы и пакеты,20.3,Комплексы красоты,Маникюр + стрижка,,false,,,,,
20.3.5,20,Комплексные программы и пакеты,20.3,Комплексы красоты,Маникюр + укладка,,false,,,,,
20.3.6,20,Комплексные программы и пакеты,20.3,Комплексы красоты,Маникюр + окрашивание,,false,,,,,
20.3.7,20,Комплексные программы и пакеты,20.3,Комплексы красоты,Педикюр + брови,,false,,,,,
20.3.8,20,Комплексные программы и пакеты,20.3,Комплексы красоты,Педикюр + ресницы,,false,,,,,
20.3.9,20,Комплексные программы и пакеты,20.3,Комплексы красоты,Ресницы + брови,,false,,,,,
20.3.10,20,Комплексные программы и пакеты,20.3,Комплексы красоты,Ламинирование ресниц + ламинирование бровей,,false,,,,,
20.3.11,20,Комплексные программы и пакеты,20.3,Комплексы красоты,Макияж + укладка,,false,,,,,
20.3.12,20,Комплексные программы и пакеты,20.3,Комплексы красоты,Макияж + прическа,,false,,,,,
20.3.13,20,Комплексные программы и пакеты,20.3,Комплексы красоты,Образ для мероприятия,,false,,,,,
20.3.14,20,Комплексные программы и пакеты,20.3,Комплексы красоты,Образ невесты,,false,,,,,
20.3.15,20,Комплексные программы и пакеты,20.3,Комплексы красоты,День красоты,,false,,,,,
20.3.16,20,Комплексные программы и пакеты,20.3,Комплексы красоты,Beauty day,,false,,,,,
20.3.17,20,Комплексные программы и пакеты,20.3,Комплексы красоты,Услуги в 4 руки,,false,,,,,
20.3.18,20,Комплексные программы и пакеты,20.3,Комплексы красоты,Услуги в 6 рук,,false,,,,,
21.0.1,21,Продажа косметики и домашний уход,,,Подбор домашнего ухода,,false,,,,,
21.0.2,21,Продажа косметики и домашний уход,,,Продажа профессиональной косметики для лица,,false,,,,,
21.0.3,21,Продажа косметики и домашний уход,,,Продажа косметики для тела,,false,,,,,
21.0.4,21,Продажа косметики и домашний уход,,,Продажа средств для волос,,false,,,,,
21.0.5,21,Продажа косметики и домашний уход,,,Продажа средств для кожи головы,,false,,,,,
21.0.6,21,Продажа косметики и домашний уход,,,Продажа SPF,,false,,,,,
21.0.7,21,Продажа косметики и домашний уход,,,Продажа сывороток,,false,,,,,
21.0.8,21,Продажа косметики и домашний уход,,,Продажа кремов,,false,,,,,
21.0.9,21,Продажа косметики и домашний уход,,,Продажа очищающих средств,,false,,,,,
21.0.10,21,Продажа косметики и домашний уход,,,Продажа масок,,false,,,,,
21.0.11,21,Продажа косметики и домашний уход,,,Продажа ампульного ухода,,false,,,,,
21.0.12,21,Продажа косметики и домашний уход,,,Продажа средств после эпиляции,,false,,,,,
21.0.13,21,Продажа косметики и домашний уход,,,Продажа средств для рук и ног,,false,,,,,
21.0.14,21,Продажа косметики и домашний уход,,,Продажа масел для тела,,false,,,,,
21.0.15,21,Продажа косметики и домашний уход,,,Продажа подарочных сертификатов,,false,,,,,
21.0.16,21,Продажа косметики и домашний уход,,,Продажа абонементов,,false,,,,,
21.0.17,21,Продажа косметики и домашний уход,,,Продажа курсов процедур,,false,,,,,
21.0.18,21,Продажа косметики и домашний уход,,,Продажа комплексных программ,,false,,,,,
22.0.1,22,Сервисные и административные позиции каталога,,,Первичная консультация,,false,,,,,
22.0.2,22,Сервисные и административные позиции каталога,,,Повторная консультация,,false,,,,,
22.0.3,22,Сервисные и административные позиции каталога,,,Онлайн-консультация,,false,,,,,
22.0.4,22,Сервисные и административные позиции каталога,,,Диагностика,,false,,,,,
22.0.5,22,Сервисные и административные позиции каталога,,,Подбор процедуры,,false,,,,,
22.0.6,22,Сервисные и административные позиции каталога,,,Подбор курса,,false,,,,,
22.0.7,22,Сервисные и административные позиции каталога,,,Пробная процедура,,false,,,,,
22.0.8,22,Сервисные и административные позиции каталога,,,Бесплатная консультация,,false,,,,,
22.0.9,22,Сервисные и административные позиции каталога,,,Подарочный сертификат,,false,,,,,
22.0.10,22,Сервисные и административные позиции каталога,,,Абонемент на 4 процедуры,,false,,,,,
22.0.11,22,Сервисные и административные позиции каталога,,,Абонемент на 5 процедур,,false,,,,,
22.0.12,22,Сервисные и административные позиции каталога,,,Абонемент на 6 процедур,,false,,,,,
22.0.13,22,Сервисные и административные позиции каталога,,,Абонемент на 8 процедур,,false,,,,,
22.0.14,22,Сервисные и административные позиции каталога,,,Абонемент на 10 процедур,,false,,,,,
22.0.15,22,Сервисные и административные позиции каталога,,,Индивидуальная программа,,false,,,,,
22.0.16,22,Сервисные и административные позиции каталога,,,Комплексная программа,,false,,,,,
22.0.17,22,Сервисные и административные позиции каталога,,,Контрольный визит,,false,,,,,
22.0.18,22,Сервисные и административные позиции каталога,,,Фотофиксация до/после,,false,,,,,
22.0.19,22,Сервисные и административные позиции каталога,,,Замер объемов,,false,,,,,
22.0.20,22,Сервисные и административные позиции каталога,,,Повторный замер объемов,,false,,,,,
22.0.21,22,Сервисные и административные позиции каталога,,,Сопровождение курса,,false,,,,,
22.0.22,22,Сервисные и административные позиции каталога,,,Напоминание о процедуре,,false,,,,,
22.0.23,22,Сервисные и административные позиции каталога,,,Перенос записи,,false,,,,,
22.0.24,22,Сервисные и административные позиции каталога,,,Отмена записи,,false,,,,,
22.0.25,22,Сервисные и административные позиции каталога,,,Депозит/предоплата,,false,,,,,
22.0.26,22,Сервисные и административные позиции каталога,,,Консультация администратора,,false,,,,,
